解釈	かいしゃく	interpretation; explanation
海老	エビ	lobster; shrimp
蛸	タコ	octopus
案内	あんない	information; leading; to guide
鰻	うなぎ	eel
届く	とどく	reach; be received
鮪	まぐろ	tuna
鯉	こい	common carp; koi carp
海豚	いるか	dolphin (or other small toothed whales, such as porpoises, belugas, etc.)
おはようございます	おはようございます	Good morning.; Hello.
鵞鳥	がちょう	goose
辞書	じしょ	dictionary
上着	うわぎ	coat; jacket
買い物	かいもの	shopping; purchased goods
お腹	おなか	stomach
サーフィン	サーフィン	surfing
押す	おす	to push; to press
歌舞伎	かぶき	kabuki; Japanese classical play
美しい	うつくしい	beautiful
億	おく	hundred million
親戚	しんせき	a relative
謙遜	けんそん	humility; modesty
蝉	せみ	cicada; locust
二十二日	にじゅうににち	the twenty-second (day)
ハンカチ	ハンカチ	handkerchief
航空便でお願いします	こうくうびんでおねがいします	Air mail, please
株	かぶ	stocks; shares; stump (of tree)
ホストファミリー	ホストファミリー	host family
持っていく	もっていく	take (something) along
雲	くも	cloud
何か	なにか	something; some
か	か	ka (hiragana)
廊下	ろうか	hallway; corridor
二つ目の角を左に曲がる	ふたつめのかどをひだりにまがる	turn left at the second corner
に	に	ni (hiragana)
が	が	ga (hiragana)
先発	せんぱつ	forerunner; advance party; going on ahead; starting
別々	べつべつ	separately
寿司	すし	sushi
出身	しゅっしん	person's origin
松の木	まつのき	pine tree
書留	かきとめ	registered mail
撮る	とる	take (pictures); shoot (film)
追加	ついか	addition; supplement; append
横断歩道	おうだんほどう	pedestrian crossing; crosswalk
自由席	じゆうせき	non-reserved seat
履歴書	りれきしょ	personal history; resume
職員室	しょくいんしつ	staff room
頼む	たのむ	to request; to ask
瞬間	しゅんかん	instant; moment
玩具	おもちゃ,がんぐ	toy; plaything
会議	かいぎ	conference; meeting
笑う	わらう	to laugh; to smile
連絡	れんらく	connection; communication
出席	しゅっせき	attendance; presence
記事	きじ	article; story
釣り	つり	fishing; angling; change (money)
上手	じょうず	good at; skilled
西口	にしぐち	west entrance
寝る	ねる	to sleep; to go to bed
警察官	けいさつかん	police officer
授業	じゅぎょう	class; lesson; classwork
兆	ちょう	trillion
木の実	きのみ, このみ	nut; fruit; berry
三時半	さんじはん	3:30
どうぞよろしく	どうぞよろしく	pleased to meet you
確かに	たしかに	certainly; definitely
事務所	じむしょ	office; one's place of business
妹	いもうと	younger sister
虹	にじ	rainbow
者	もの	person; fellow
短い	みじかい	short (length)
弾く	ひく	play (guitar, piano)
種	たね	seed
蝿	はえ	fly
現れる	あらわれる	appear; emerge
締め切り	しめきり	cut-off; deadline; No Entrance
烏	カラス	crow; raven
扇子	せんす	paper fan
秒	びょう	second (interval of time)
踊る	おどる	dance
蜻蛉	とんぼ, とんぼう, せいれい	dragonfly; damselfly
乗り換え	のりかえ	change; transfer
場合	ばあい	case; situation
箸	はし	chopsticks
締める	しめる	tie; fasten
熊	くま	a bear
次発	じはつ	departing second
番線	ばんせん	track number
部長	ぶちょう	section chief; department head
残念	ざんねん	regret; bad luck; disappointment
イカ	イカ	squid; cuttlefish
完璧	かんぺき	perfection; perfect
幾ら	いくら	how much
十一才	じゅういっさい	eleven years old
細い	ほそい	thin; slender
ううん	ううん	uh-uh; no
～中	～ちゅう	in the center; in the middle
並ぶ	ならぶ	line up; be parallel
一日	ついたち	(arch) first day of the month; first ten days of the lunar month
首	くび	neck; head
郵便局	ゆうびんきょく	post office
他	た,ほか	other; other things
習慣	しゅうかん	custom; habit
開く	あく	to open (business, door, eyes, mouth, etc.); to be empty; to be available
展覧会	てんらんかい	exhibition
負ける	まける	to lose, to be defeated
困る	こまる	be at a loss; in a jam; in trouble
軽い	かるい	light (not heavy)
掴む	つかむ	to grip; to grab; to catch hold of
夫婦	ふうふ	husband and wife; married couple
狭い	せまい	narrow; confined
注意	ちゅうい	attention; care; watch out
孔雀	くじゃく, くざく	peafowl (peacock, female peahen,　young peachick)
京都	きょうと	Kyoto
客	きゃく	visitor; customer
どう致しまして	どういたしまして	you are welcome; don't mention it; not at all; my pleasure
突然	とつぜん	abruptly; suddenly
こおろぎ	こおろぎ	cricket
亀	かめ	turtle; tortoise
歌詞	かし	song lyrics
賛成です	さんせいです	I agree
で	で	de (hiragana)
乗り遅れる	のりおくれる	to miss (train, bus, etc.)
ビール	ビール	beer; lager
集める	あつめる	to collect; to gather
ドライブ	ドライブ	drive
アイロンをかける	アイロンをかける	to iron clothes
神社	じんじゃ	Shinto shrine
訳す	やくす	to translate; to interpret
今学期	こんがっき	this semester
ゴールド	ゴールド	gold
外国	がいこく	foreign country
遠い	とおい	far; distant
寒い	さむい	cold (air, weather)
優しい	やさしい	gentle; kindhearted
コップ	コップ	cup; glass
会議室	かいぎしつ	meeting room; conference room
である	である	to be (formal, literary)
茶碗	ちゃわん	tea cup; rice bowl
三百	さんびゃく	three hundred
ご存じ	ごぞんじ	know (honorific)
乗車券	じょうしゃけん	railway ticket; bus ticket
シャワーを浴びる	シャワーをあびる	take a shower
肩	かた	shoulder
お先にどうぞ	おさきにどうぞ	go ahead
市民病院	しみんびょういん	municipal hospital
一つ目の信号を右に曲がる	ひとつめのしんごうをみぎにまがる	turn right at the first traffic light
教える	おしえる	teach; tell
履く	はく	wear (on lower body); put on
雨が降る	あめがふる	to rain
風が吹く	かぜがふく	wind blows
宇宙	うちゅう	universe; space
明ける	あける	to dawn; to grow light
照る	てる	shine; be fine
詰まり	つまり	in short; basically; that is to say...
御馳走様でした	ごちそうさまでした	said after one has been treated (i.e. after a meal)
八百屋	やおや	vegetable store; greengrocer
狸	たぬき	raccoon dog; sly person
集まる	あつまる	to gather; to collect
林檎	りんご	apple
予約	よやく	reservation; subscription
参った	まいった	I'm beaten; I give up
落とす	おとす	to drop; to lose; to remove
と	と	to (hiragana)
運ぶ	はこぶ	to carry; to transport; to move
台風	たいふう	typhoon
蛇	へび	snake; serpent; hard drinker
花瓶	かびん	flower vase
一生懸命	いっしょうけんめい	with all one's might; with utmost effort; very hard
一	イチ, イツ, ひと, ひと.つ	one; one radical (no.　1)
奨学金	しょうがくきん	scholarship; fellowship
特急	とっきゅう	super express; limited express (train)
蕎麦	そば	buckwheat noodles; soba
不愉快	ふゆかい	unpleasant; disagreeable
門限	もんげん	closing time; lockup; curfew
実践	じっせん	practice; put into practice
削る	けずる	grind down; trim; scale back
受ける	うける	receive; accept; take (a test, an interview); undergo (treatment)
速達	そくたつ	special delivery; express mail
落ち込む	おちこむ	get depressed
怖い	こわい	scary, frightening, eerie, dreadful
蛍	ほたる	firefly; lightning bug
営業	えいぎょう	business; sales
便	びん	mail; flight
下ろす	おろす	bring down; take down; pull down; withdraw (money)
鶏肉	とりにく	chicken meat
喉	のど	the throat
喜んで	よろこんで	gladly; with pleasure
紅茶	こうちゃ	black tea
アジア研究	アジアけんきゅう	Asian studies
建物	たてもの	building; structure
発表	はっぴょう	announcement; publication
到着	とうちゃく	arrival
鶴	ツル	crane; stork
野球	やきゅう	baseball
政治	せいじ	politics
歌手	かしゅ	singer
島	しま	island; isle
使う	つかう	to use
北	きた	north
九才	きゅうさい	nine years old
猿	さる	monkey (esp. the Japanese macaque, Macaca fuscata); ape; non-human primate
消える	きえる	to vanish; to disappear
自分	じぶん	self; oneself
冬	ふゆ	winter
側	そば	near, close, beside, by the side of
誰か	だれか	someone
九日	ここのか	nine days; ninth of the month
オーストラリア	オーストラリア	Australia
金髪	きんぱつ	blond; blonde
百五十円になります	ひゃくごじゅうえんになります	It will be 150 yen.
な	な	na (hiragana)
無事	ぶじ	safely; peacefully
三分	さんぷん	three minutes
八日	ようか	eight days; eighth day of the month
象	ぞう	elephant
連れてくる	つれてくる	bring (someone) along
毛虫	けむし	hairy caterpillar; woolly bear; pest; nudnik (nudnick)
来ない	こない	don't/doesn't come
飴	あめ	(hard) candy; toffee
お宅	おたく	your home; you; fan; geek
落ちる	おちる	to fall; to drop; to fail (e.g. exam)
頑張る	がんばる	persist; be tenacious
鷹	たか	falcon; hawk
割引券	わりびきけん	discount coupon
意外	いがい	unexpected; unforeseen
教科書	きょうかしょ	textbook; schoolbook
乗る	のる	to ride; board
売店	ばいてん	shop; stand
移る	うつる	to move; to shift
広告	こうこく	public notice; advertisement
規則	きそく	rules; regulations
野原	のはら	field; plain
こんにちは	こんにちは	Good afternoon.; Hello.
いいえ	いいえ	no
冗談	じょうだん	joke
渡る	わたる	cross; ford; go across
出来るだけ	できるだけ	as much as possible
だ	だ	da (hiragana)
同僚	どうりょう	colleague; coworker
単語	たんご	word; vocabulary; (usually) single character word
事実	じじつ	fact; truth
矢張り	やはり,やっぱり	as expected; also; still
疲れる	つかれる	get tired; become fatigued
～月	～がつ	suffix for months
相談	そうだん	consultation; discussion
二十八日	にじゅうはちにち	the twenty-eighth (day)
面白い	おもしろい	interesting; amusing
来ます	きます	to come
新幹線	しんかんせん	Shinkansen; Bullet Train
大家	おおや	landlord
着物	きもの	clothes; kimono
灰色	はいいろ	ash color; gray
狼	おおかみ	wolf (carnivore, Canis lupus)
君	くん	suffix for names of friends, subordinates, etc.
鳴く	なく	cry; chirp; meow
違います	ちがいます	different; wrong
泣く	なく	to cry; to weep
八万	はちまん, やよろず	eighty thousand; many
絶対に	ぜったいに	absolutely; unconditionally
眼鏡をかける	めがねをかける	to wear glasses
浴衣	ゆかた	yukata; informal summer kimono
氷	こおり	ice
四角い	しかくい	square; four-sided
石鹸	せっけん	soap
改札	かいさつ	ticket gate
予報	よほう	forecast; prediction
鷲	わし	eagle
ご免下さい	ごめんください	may I come in?
興味	きょうみ	interest (in something)
保険	ほけん	insurance
痩せる	やせる	to lose weight; to become thin
奢る	おごる	to treat (someone)
広場	ひろば	(public) square; open space
船	ふね	ship; boat; vessel
考える	かんがえる	to consider; to think about
ほぼ	ほぼ	almost; nearly
散歩	さんぽ	walk; stroll
割る	わる	divide; crack; split
登る	のぼる	climb; mount; ascend
似る	にる	resemble; be alike
山羊	やぎ	goat
始め	はじめ	beginning; origin
穴熊	あなぐま	badger
幸せ	しあわせ	happiness; good fortune
蝶	ちょう	butterfly
野菜	やさい	vegetable
不味い	まずい	awful; troublesome; unappetizing
学割	がくわり	student discount
切符売り場	きっぷうりば	ticket window; box office; ticket
漫画	まんが	manga; comics
別に	べつに	(not) particularly; separately; apart
温い	ぬるい	tepid; lukewarm
演奏	えんそう	musical performance
雰囲気	ふんいき	atmosphere; mood
到着時刻	とうちゃくじこく	arrival time
ごきぶり	ごきぶり	cockroach
お姉さん	おねえさん	older sister (honorific)
運動	うんどう	motion; exercise
聞いたことがあります	きいたことがあります	I've heard that
作文	さくぶん	composition; essay
お母さん	おかあさん	mother (honorific)
グリーン	グリーン	green
お弁当	おべんとう	bento; boxed lunch (honorific)
木の下	このした, このもと	under a tree
分かりましたか	わかりましたか	Do you understand (it)?
馬鹿	ばか	fool; nonsense
喫茶店	きっさてん	café; coffee shop;  tearoom
窓口	まどぐち	teller or ticket window; counter
勿論	もちろん	of course; no doubt
幾つ	いくつ	how many; how old
意地悪	いじわる	malicious; ill-tempered; unkind
道理で	どうりで	indeed; it's no wonder
描く	かく	to draw; to paint; to sketch
終電	しゅうでん	last train
洞窟	どうくつ	cave
体育	たいいく	physical training; physical education
定期券	ていきけん	commuter's pass
お正月	おしょうがつ	New Year's Day
結構	けっこう	wonderful; quite; good enough
二週間前	にしゅうかんまえ	two weeks ago
蜘蛛	くも	spider
向こう	むこう	the other side; the other party; opponent
何方	どなた	who; which way; which one
お風呂	おふろ	bath
違う	ちがう	differ; not match the correct (answer, etc.)
送る	おくる	to send; take or escort (someone somewhere)
地震学	じしんがく	seismology
意見	いけん	opinion
家具	かぐ	furniture
公園	こうえん	park; public garden
指	ゆび	finger; toe
お勘定をお願いします	おかんじょうをおねがいします	May I have the check, please?
得意	とくい	one's forte; pride; customer
今週末	こんしゅうまつ	this weekend
時計	とけい	clock; watch
蟻	あり	ant
保険に入る	ほけんにはいる	buy insurance
気温	きおん	atmospheric temperature
混ぜる	まぜる	to mix; to stir; to blend
誘う	さそう,いざなう	invite; ask out
後	ご	after (usually suffix)
鶏	にわとり	(domestic) chicken
湖	みずうみ	lake
消防士	しょうぼうし	firefighter
簡単	かんたん	simple; easy
縫いぐるみ	ぬいぐるみ	stuffed animal
大勢	おおぜい	large numbers; a lot of (people)
目覚まし時計	めざましどけい	alarm clock
推薦状	すいせんじょう	letter of recommendation
狐	きつね	fox
人類学	じんるいがく	anthropology
十九日	じゅうくにち	the nineteenth (day)
ピンク	ピンク	pink
眼鏡	めがね	glasses; judgment
蜜柑	みかん	tangerine; mandarin orange
起きる	おきる	get up; get out of bed; occur (event)
おじさん	おじさん	uncle; mister
歩いて	あるいて	on foot
着く	つく	to arrive at; to reach
とんでもない	とんでもない	unthinkable; outrageous
見ているだけです	みているだけです	Just looking
勤める	つとめる	to work (for); to be employed; to serve (as)
見つける	みつける	to find
まあね	まあね	well, I must admit ...
捕まえる	つかまえる	to arrest; to catch; to seize
冷蔵庫	れいぞうこ	refrigerator
御馳走様	ごちそうさま	word used after one has been treated
認める	みとめる	to recognize; to observe; to notice; to admit
増える	ふえる	to increase; to accrue
卒業式	そつぎょうしき	graduation ceremony
来学期	らいがっき	next semester
生活	せいかつ	life; living
御苦労	ごくろう	trouble (I have put you through)
塩	しお	salt
泉	いずみ	spring; fountain
女性	じょせい	woman; female
経験	けいけん	experience
観光	かんこう	sightseeing
貸す	かす	to lend; to loan
被る	かぶる	wear (on head); put on
直す	なおす	to cure; to heal; to fix; to replace
猪	いのしし	wild boar; hog
全部	ぜんぶ	all; wholly
甘い	あまい	sweet
良く	よく	well; often
ホテル	ホテル	hotel
嬉しい	うれしい	happy; glad
午前中	ごぜんちゅう	in the morning
離れる	はなれる	to be separated from; to leave
あっち	あっち	that place/way/person over there (informal)
実る	みのる	bear fruit; ripen
牛	うし	cow; cattle
いいえどういたしまして	いいえどういたしまして	You are welcome; Don't mention it
フォーク	フォーク	fork
減る	へる	to decrease (in size or number); to diminish; to abate
冷たい	つめたい	cold (thing); unkind (person)
間違う	まちがう	be mistaken; be incorrect
七万	ななまん	seventy thousand
静か	しずか	quiet; tranquil
ポスト	ポスト	mail box; post box
お世話になりました	おせわになりました	Thank you for your help/kindness.
探す	さがす	search for; look for
以上	いじょう	not less than; ... and more; ... and upwards
作品	さくひん	work of art; piece
太い	ふとい	thick; fat
津波	つなみ	tsunami; tidal wave
忙しい	いそがしい	busy; occupied
調べる	しらべる	investigate; check
降る	ふる	fall (i.e. rain/snow); come down; precipitate
ざんねんですね	ざんねんですね	That's too bad.
急に	きゅうに	swiftly; suddenly; abruptly
約	やく	approximately; about
縦	たて	vertical; length; height
えっと	えっと	let me see; well; errr ...
迷う	まよう	be perplexed; hesitate; get lost
石	いし	stone; small rock
ところが	ところが	but; on the contrary...
掏る	する	pick someone's pocket
朝寝坊	あさねぼう	oversleep
格好いい	かっこいい	good looking; "cool"
霧	きり	fog; mist
特に	とくに	particularly; especially
封筒	ふうとう	envelope
弁護士	べんごし	lawyer; attorney
眠い	ねむい	sleepy
空港	くうこう	airport
洗濯	せんたく	laundering; washing
靴下	くつした	socks; stockings
往復	おうふく	going and returning; round trip
苗	なえ	seedling
美容院	びよういん	beauty shop
蟷螂	かまきり	praying mantis
どうやら	どうやら	it seems like; it appears that; somehow or another
税金	ぜいきん	tax
勘弁	かんべん	pardon; forgiveness; forbearance
虎	とら	tiger (Panthera tigris); drunkard
三日	みっか	three days; third of the month
諦める	あきらめる	abandon; give up
立派	りっぱ	splendid; handsome; elegant; prominent; legitimate
黒	くろ	black
自動車	じどうしゃ	automobile
行ってらっしゃい	いってらっしゃい	have a good day; take care; see you
御手洗い	おてあらい	toilet; bathroom
聞く	きく	to hear; to listen; to ask
杯	はい	sake cup; cup for alcoholic beverages; counter for cupfuls
森	もり	forest; thick woods
御父さん	おとうさん	father (honorific)
誰	だれ	who; whom
大抵	たいてい	generally; mostly; usually
恥ずかしい	はずかしい	shy; ashamed; embarassed
中止	ちゅうし	suspension, stoppage, discontinuance, interruption
朝飯	あさめし, あさはん	breakfast
式場	しきじょう	ceremonial hall; place of ceremony (e.g. marriage)
帽子	ぼうし	hat; cap
凄い	すごい	wonderful; great; incredible
主婦	しゅふ	housewife
お祖父さん	おじいさん	grandfather
心臓	しんぞう	heart (organ)
余裕	よゆう	surplus; room; leeway
掃除	そうじ	cleaning
素敵	すてき	lovely; nice
お客様	おきゃくさま	customer; guest
食堂	しょくどう	dining hall; cafeteria
暑い	あつい	hot (weather); warm
お日様	おひさま	sun (polite)
漢字	かんじ	Chinese characters; kanji
大切	たいせつ	important; valuable
中	じゅう	throughout (a time period); during; all over
借りる	かりる	to borrow; to rent
絵	え	picture; painting; drawing
旅行する	りょこうする	to travel
崖	がけ	cliff
駅員	えきいん	station employee
父親	ちちおや	father
平日	へいじつ	weekday
虎猫	とらねこ	tabby cat
秋田犬	あきたいぬ	Akita (breed of dog)
迎え	むかえ	greeting; meeting
募集	ぼしゅう	recruiting; taking applications
音楽	おんがく	music
説明	せつめい	explanation; description
寂しい	さびしい,さみしい	lonely; desolate; sad
尋ねる	たずねる	to inquire; to search for
ね	ね	ne (hiragana)
台所	だいどころ	kitchen
うまい	うまい	good; skillful; clever
併し	しかし	however; but
予定	よてい	plan; schedule
投げる	なげる	to throw; to abandon
残る	のこる	to remain; to be left over
胸	むね	chest
僕	ぼく	I (generally male)
指輪	ゆびわ	ring
蜂	ハチ	bee; wasp; hornet
可愛い	かわいい	cute; charming; sweet
足る	たる	be sufficient; be enough
栗鼠	りす	squirrel
助けて	たすけて	help!
添削	てんさく	correction
百円	ひゃくえん	100 yen
御飯	ごはん	cooked rice; meal
付き合う	つきあう	associate with; keep company with; come along; go out (date)
鉛筆	えんぴつ	pencil
イギリス	イギリス	Britain
二時間	にじかん	two hours
吸う	すう	inhale; suck
～日	～にち	days (duration); specific day
往復切符	おうふくきっぷ	round-trip ticket; return ticket
涼しい	すずしい	cool (weather); refreshing
暗い	くらい	dark; dreary; shadowy
する価値があります	するかちがあります	worth doing
泊まる	とまる	stay overnight
字引	じびき	dictionary
質問	しつもん	question
編む	あむ	knit
転ぶ	ころぶ	to fall down; to fall over
指定席	していせき	reserved seat
仕事	しごと	work; job
将来	しょうらい	future; in the future
そうして	そうして	and; like that
大人	おとな	adult
お茶	おちゃ	tea
最近	さいきん	lately; recently
電気	でんき	electricity; electric light
旅館	りょかん	Japanese inn
払う	はらう	to pay; to brush off; to dispose of
合格	ごうかく	passing an examination; eligibility
お巡りさん	おまわりさん	policeman
差す	さす	to pour (drink); to raise (hands, umbrella)
銀色	ぎんいろ	silver (color)
座布団	ざぶとん	cushion
法	ほう	law; rule
和食	わしょく	Japanese-style food
床屋	とこや	barber; barbershop
一昨日	おととい, いっさくじつ	the day before yesterday
季節	きせつ	season
決める	きめる	decide; agree upon
直る	なおる	еo be repaired; to be returned to normal
可能性	かのうせい	possibility; potentiality
回数券	かいすうけん	book of tickets
名刺	めいし	business card; calling card
一号車	いちごうしゃ	car number one
次は～		next (stop)...
柴犬	しばいぬ	Shiba Inu (breed of dog)
近づく	ちかづく	to approach; draw near; get closer to
出張	しゅっちょう	business trip; official tour
麒麟	きりん	giraffe; qilin (Chinese unicorn); Kirin (brand of beer)
厚い	あつい	thick; bulky; kind; cordial; shameless
逃げる	にげる	to escape; to run away
最初	さいしょ	first; outset
繰り返す	くりかえす	to repeat; to do something over again
国際関係	こくさいかんけい	international relations
駱駝	らくだ	camel
～けど	～けど	...but; ...so
鼠	ねずみ	rat; mouse
キャンプ	キャンプ	camping; camp
道に迷う	みちにまよう	become lost; lose one's way
動詞	どうし	verb
どの位	どのぐらい	how much (long, far, etc.)
脱ぐ	ぬぐ	to take off (clothes, shoes, etc.)
～について	～について	about...; concerning...
枝	えだ	branch; twig
グラム	グラム	gram
九分	くぶん,きゅうふん	nine minutes
豚カツ	とんカツ	pork cutlet
毎週	まいしゅう	every week
ええ	ええ	yes; that is correct; well
去年	きょねん	last year　(spoken language)
教室	きょうしつ	classroom
八つ	やっつ	eight (things)
口	くち	mouth; opening
焼肉	やきにく	yakiniku (Japanese dish of fried meat), Korean barbecue
晩御飯	ばんごはん	dinner
暖かい	あたたかい	warm
あの	あの	that (thing) over there; um…
赤	あか	red; crimson
牛乳	ぎゅうにゅう	(cow) milk
消しゴム	けしごむ	eraser
劇場	げきじょう	theater
動物園	どうぶつえん	zoo
背が低い	せがひくい	short (person)
さようなら	さようなら	Good-bye
失礼しました	しつれいしました	Excuse me; I am very sorry
片道	かたみち	one way
貼る	はる	stick; paste
～目	～め	-th (ordinal number suffix)
生まれる	うまれる	to be born
新聞	しんぶん	newspaper
喋る	しゃべる	chat; talk
靴	くつ	shoes; boots
呼ぶ	よぶ	call; name; invite
宿題	しゅくだい	homework
会話	かいわ	conversation
二日酔	ふつかよい	hangover
物価	ぶっか	prices
滝	たき	waterfall
にする	にする	decide on (an item or course of action)
技術	ぎじゅつ	skill; technology
薔薇	バラ	rose
～個	～こ	counter for smaller items
通る	とおる	to pass (by); go through; walk along; to pass exams
枯れる	かれる	wither; die
素晴らしい	すばらしい	splendid; excellent
薄い	うすい	thin; weak; pale
両方	りょうほう	both
厳しい	きびしい	strict; severe; intense
知る	しる	to know
無理	むり	impossible; forced; overdoing
電話	でんわ	telephone; phone call
料理	りょうり	cooking; handling
足りる	たりる	to be sufficient; to be enough
四つ	よっつ	four (things)
二十九日	にじゅうくにち	the twenty-ninth (day)
おばさん	おばさん	aunt
～人	～にん	counter for people
方法	ほうほう	method; procedure
出掛ける	でかける	go out; be about to go out
さよなら	さよなら	good-bye; so long
背中	せなか	back (of body)
地震	じしん	earthquake
紫	むらさき	purple
危ない	あぶない	dangerous; uncertain
朝御飯	あさごはん	breakfast
楽器	がっき	musical instrument
大使館	たいしかん	embassy
朝ご飯	あさごはん	breakfast
家内	かない	(my) wife
畑	はたけ	field; vegetable garden
蒲公英	たんぽぽ	dandelion
頃	ころ, ごろ	time; at about
転勤	てんきん	job transfer
手袋	てぶくろ	gloves
身長	しんちょう	stature; height
グレー	グレー	gray; grey
この頃	このごろ	now; these days; recently
八分	はっぷん,はちふん	eight minutes
窓	まど	window; windowpane
過ごす	すごす	pass/spend (time)
友達	ともだち	friend; companion
試合	しあい	match; game
太る	ふとる	to grow fat; to fatten
たばこを吸う	たばこをすう	smoke (cigarettes)
正解	せいかい	right answer; correct solution
六千	ろくせん	six thousand
技術者	ぎじゅつしゃ	engineer; technical expert
勉強になりました	べんきょうになりました	I learned a lot (thank you)
恥ずかしがり屋	はずかしがりや	shy person
御茶	おちゃ	tea
博物館	はくぶつかん	museum
気をつける	きをつける	be cautious/careful
不合格	ふごうかく	failure; disqualification
天麩羅	てんぷら	tempura; Japanese deep-fried breaded food
嵐	あらし	storm
など	など	et cetera, and the like, and so forth
十日	とおか	ten days; tenth of the month
信号	しんごう	signal; traffic light
もう一度	もういちど	one more time
も	も	mo (hiragana)
緑	みどり	green; foliage
貴方	あなた	you
皆	みんな,みな	all; everybody
ゆっくり言って下さい	ゆっくりいってください	Please say it slowly
ところで	ところで	by the way
急行	きゅうこう	moving at high speed; express (e.g. train that bypasses many stations)
ぐうぜんですね	ぐうぜんですね	What a coincidence (seeing you here)
こちらこそ	こちらこそ	It is I who should say so; Thank you
美術館	びじゅつかん	art museum; art gallery
いちばん前	いちばんまえ	first car; front end
通う	かよう	go to and from; frequent a place
勉強する	べんきょうする	to study
や	や	ya (hiragana)
どうやって	どうやって	how; by what means
悲しい	かなしい	sad
世界	せかい	world
冗談でしょう	じょうだんでしょう	You must be kidding!
殆ど	ほとんど	almost; hardly
連れていく	つれていく	to take (someone) along
持てる	もてる	be popular (with)
お菓子	おかし	confections; sweets; candy
思える	おもえる	to seem; to appear likely
三年生	さんねんせい	third-year student
小包	こづつみ	parcel; package
男性	だんせい	male; man
洋服	ようふく	Western clothes
手伝う	てつだう	help; assist
失礼	しつれい	discourtesy; impoliteness; to be rude; to leave; Excuse me; Goodbye
御菓子	おかし	sweets; snacks
誕生日	たんじょうび	birthday
拾う	ひろう	pick up; find
方面	ほうめん	direction
砂糖	さとう	sugar
早く	はやく	early; soon
眺める	ながめる	look out; gaze
村	むら	village
財布	さいふ	purse; wallet
画面	がめん	screen
相変わらず	あいかわらず	as usual; as before; the same
ネクタイ	ネクタイ	tie; necktie
また後で	またあとで	see you later
～時	～とき	when...
出発	しゅっぱつ	departure
有る	ある	exist; possess; there is/are (inanimate objects)
～ヶ月	～かげつ	counter for months (period of time)
洗う	あらう	to wash
箱	はこ	box; case
便利	べんり	convenience; handiness
金色	きんいろ	golden color
似合う	にあう	suit; match well
詰まらない	つまらない	dull; uninteresting; boring; tedious
運転免許	うんてんめんきょ	driver's license
辛い	からい	spicy; salty; bitter; strict
行き	いき, ゆき	going
捨てる	すてる	to throw away; discard; abandon
低い	ひくい	low (height, tone, rank, degree, cost, etc.);  short
初めて	はじめて	for the first time
楽しむ	たのしむ	to enjoy oneself
数字	すうじ	figure; numeral
やばい	やばい	dangerous; risky; awful (young persons' slang); terrible; crap; amazing; cool
選ぶ	えらぶ	choose; elect
置く	おく	put; leave
有名人	ゆうめいじん	celebrity
景色	けしき	scenery; landscape
宜しく	よろしく	properly; one's regards
桜の木	さくらのき	cherry tree
猫	ねこ	cat
打つ	うつ	hit; strike
携帯	けいたい	cell phone; portable; carry
頑張って	がんばって	hold on; go for it; keep at it; good luck; hang in there; do your best!
かまいません	かまいません	no problem; I don't mind
熱い	あつい	hot (objects)
十億	じゅうおく	billion
鍵	かぎ	key; lock
どちら	どちら	which (between two); which way
浮かぶ	うかぶ	float
普通	ふつう	normal; regular
紙	かみ	paper
牛肉	ぎゅうにく	beef
生徒	せいと	pupil; student
数学	すうがく	mathematics
反対	はんたい	opposition; contrast; opposite
絶対	ぜったい	absolute; absolutely
図書館	としょかん	library
電池	でんち	battery
貰う	もらう	receive
椅子	いす	chair
とても	とても	very
同感です	どうかんです	I agree
ビデオ	ビデオ	video
シーディー	シーディー	CD
背	せい	height; stature
医者	いしゃ	doctor
油	あぶら	oil
浴びる	あびる	take (a shower)
番組	ばんぐみ	program
今朝	けさ	this morning
あちら	あちら	that place/way/person over there
再来週	さらいしゅう	the week after next
おはよう	おはよう	Good morning. (informal)
卒業	そつぎょう	graduation
痛い	いたい	painful
用事	ようじ	things to do; errand; business
言い訳	いいわけ	apology; excuse
三月	さんがつ	March
汚い	きたない	dirty
あれ	あれ	that (distant from speaker and listener)
～時	～じ	o'clock
明後日	あさって,みょうごにち	day after tomorrow
南口	みなみぐち	south entrance
氷山	ひょうざん	iceberg
テーブル	テーブル	table
波	なみ	wave; fluctuations
御免なさい	ごめんなさい	I'm sorry.
広い	ひろい	wide; spacious
連絡する	れんらくする	to contact
大丈夫	だいじょうぶ	alright; OK; no problem
大嫌い	だいきらい	hate
其方	そちら	that place/way/person there
出発時間	しゅっぱつじかん	starting (departure) time
分ける	わける	divide into parts; sort; share
申す	もうす	to be called; to say (humble)
見える	みえる	to be visible; to seem
触る	さわる	touch; feel
いらっしゃる	いらっしゃる	come; go (honorific)
～か月	～かげつ	months (duration)
七つ	ななつ	seven (things)
丘	おか	hill; slope
傍	そば	near; beside
マフラー	マフラー	scarf; muffler
～と申します	～ともうします	my name is...
時代	じだい	age; era; antiquity
二日	ふつか	two days; second of the month
大丈夫ですよ	だいじょうぶですよ	It's OK.
三十一日	さんじゅういちにち	the thirty-first (day)
どうですか	どうですか	How about...?; How is...?
中	なか	inside; middle; center; among
十六日	じゅうろくにち	the sixteenth (day)
無い	ない	to not be
戻る	もどる	to return (to a place); turn back
歩道橋	ほどうきょう	pedestrian bridge
真っ直ぐ	まっすぐ	dead straight; honestly
井戸	いど	water well
丈夫	じょうぶ	healthy; robust; strong; durable
賑やか	にぎやか	lively; exciting
まさか	まさか	by no means; never!; well, I never!; you don't say!
弱い	よわい	weak; frail
鴨	かも	duck; easy mark; sucker; sitting duck
配る	くばる	hand out; distribute; allot
例えば	たとえば	for example
経済	けいざい	economy; economics
酔っ払う	よっぱらう	get drunk
進む	すすむ	to advance; move forward
気にしないで	きにしないで	Don't worry about it.
好む	このむ	like; be fond of
黒猫	くろねこ	black cat
木の葉	このは	tree leaves
咲く	さく	to bloom
易しい	やさしい	easy; simple
強い	つよい	strong
一時	いちじ	one o'clock
休む	やすむ	to take a day off; take a break; to be absent
速い	はやい	fast
注文	ちゅうもん	order; request
着る	きる	to wear (on upper body); put on
横	よこ	side; width across; horizontal
雉	きじ	green pheasant (Japan's national bird)
息子	むすこ	son
大阪	おおさか	Osaka (place name)
是非	ぜひ	by all means; at any cost
男の人	おとこのひと	man
十七日	じゅうしちにち	the seventeenth (day)
願う	ねがう	wish; ask a favor; apply for
おじゃまします	おじゃまします	Thank you (for allowing me to come in)
分	ぶん	amount; part; share
いちばん後ろ	いちばんうしろ	last car; tail end
醤油	しょうゆ	soy sauce
苦手	にがて	poor (at); weak (in); not very good (at); dislike (of)
～年代	～ねんだい	~ties (as in "the sixties")
光	ひかり	light; flash
数える	かぞえる	count; calculate
張る	はる	to stick; to paste; strain; tighten; to form (i.e. ice on pond); attach web link
壊す	こわす	to break; to destroy; to smash
荷物	にもつ	baggage; load
二十三日	にじゅうさんにち	the twenty-third (day)
十九分	じゅうきゅうふん	nineteen minutes
半分	はんぶん	half
二か月前	にかげつまえ	two months ago
お大事に	おだいじに	take care of yourself
～階	～かい	floor (of a building)
昼	ひる	daytime; midday; noon
晴れ	はれ	fine weather; clear sky
背が高い	せがたかい	tall
兄	あに	older brother
コンビニ	コンビニ	convenience store
砂	すな	sand; grit
やった	やった	hooray (lit: I or we did it); whee; hot dog!; you beaut; whacko; yowzer!; yes!
息子さん	むすこさん	son (respectful)
航空便	こうくうびん	airmail
お返し	おかえし	return favor; return gift
ディーブイディー	ディーブイディー	DVD
クレジットカード	クレジットカード	credit card
と言うか	というか	or perhaps I should say; or, how should I put it,....
妻	つま	wife
太陽	たいよう	sun
続く	つづく	continue; follow
歯	は	tooth
ご主人	ごしゅじん	(someone else's) husband
止める	とめる	to stop (a car); to turn off
話す	はなす	to speak
夕飯	ゆうはん	evening meal; supper
零	れい	zero
ジャケット	ジャケット	jacket
切符	きっぷ	ticket
嫌う	きらう	dislike
天気予報	てんきよほう	weather forecast
泥	どろ	mud
黒板	こくばん	blackboard
回る	まわる	to turn; to revolve
兄弟	きょうだい	sibling(s)
感動	かんどう	emotion; impression
何故	なぜ	why; for what reason
舐める	なめる	lick; lap
鹿	しか	deer (esp. the sika deer, Cervus nippon)
涙	なみだ	tear (e.g. from crying)
気持ち	きもち	feeling; sensation
黄色い	きいろい	yellow
作家	さっか	writer; novelist
御苦労様	ごくろうさま	thank you very much for your..., I appreciate your efforts
君	きみ,くん	you; name suffix for boys
偶に	たまに	occasionally; once in a while
大学院	だいがくいん	graduate school
入り口	いりぐち	entrance
けち	けち	stingy; miser
ちょっと待って下さい	ちょっとまってください	Please wait a moment
思う	おもう	to think
鋭い	するどい	pointed; sharp
走る	はしる	to run
此方	こちら	this place/way/person here
二十歳	はたち	20 years old
まあまあ	まあまあ	OK; not bad; so-so
五月	ごがつ	May
服	ふく	clothes
若い	わかい	young
家	いえ, うち	house; home
では	では	then; in that case; well then
ベッド	ベッド	bed
おねがいします	おねがいします	please
数学者	すうがくしゃ	mathematician
頭がいい	あたまがいい	smart; clever
手紙	てがみ	letter
百万	ひゃくまん	one million
家庭	かてい	family; household; home
やっと	やっと	at last; finally
初め	はじめ	beginning
番	ばん	one's turn; watch; number ... (in a series)
ゲーム	ゲーム	game
羊	ひつじ	sheep
終電車	しゅうでんしゃ	last train
太っています	ふとっています	is fat
含まれる	ふくまれる	be included (in something)
答え	こたえ	response; reply; answer; solution
やくざ	やくざ	yakuza; gangster
お土産	おみやげ	souvenir
温泉	おんせん	hot spring
閉まる	しまる	to be shut; to be closed
此処	ここ	here
雑誌	ざっし	magazine; journal
一年生	いちねんせい	freshman; first-year student
一昨年	おととし, いっさくねん	the year before last
三千	さんぜん	three thousand
もう一度言って下さい	もういちどいってください	Please say it again.
何処	どこ	where
右	みぎ	right
専門家	せんもんか	specialist; expert
姉	あね	older sister
答える	こたえる	to answer; to reply
皿	さら	plate; counter for plates or helpings
一日中	いちにちじゅう	all day long
乾杯	かんぱい	Cheers!; a toast
まっすぐ行く	まっすぐいく	go straight
青い	あおい	blue
四分	よんぷん	four minutes
旅行	りょこう	travel; trip
働く	はたらく	to work
本当	ほんとう	truth; reality
本当に	ほんとうに	really; truly
ようこそ	ようこそ	welcome
ホーム	ホーム	(train) platform
下手	へた	not good at
番号	ばんごう	number; series of digits
素晴らしいです	すばらしいです	That's great
机	つくえ	desk; table
星	ほし	star; suspect (police slang)
悪い	わるい	bad
部屋	へや	room
灰皿	はいざら	ashtray
警官	けいかん	police officer; policeman
同じ	おなじ	same; identical
守る	まもる	to protect; to observe; to abide (by the rules)
辺	へん	vicinity; part
折り紙	おりがみ	origami; paper folding
如何	いかが	how; what
趣味	しゅみ	hobby; interest
迎える	むかえる	welcome; go out to meet; invite
結婚式	けっこんしき	wedding ceremony
韓国料理	かんこくりょうり	Korean food
無くす	なくす	lose; get rid of
親	おや	parent(s)
次	つぎ	next
葉書	はがき	postcard
呉れる	くれる	to give; to let one have; to do for one; to be given
空手	からて	karate; empty hand
必要	ひつよう	need; necessity
じゃなかった	じゃなかった	plain version of ではありませんでした
奥さん	おくさん	(someone else's) wife; married lady
赤い	あかい	red
大学院生	だいがくいんせい	graduate student
大変	たいへん	very; hard; awful; serious
降りる	おりる	to get off; to land; to descend
今晩は	こんばんは	good evening
嘘	うそ	lie
私たち	わたしたち, わたくしたち	we
真面目	まじめ	serious; sober; earnest
御尻	おしり	buttocks
久しぶり	ひさしぶり	for the first time in a long time; It's been a long time since I saw you
おかえりなさい	おかえりなさい	Welcome back; Welcome home.
交差点	こうさてん	crossing; intersection
ファイル	ファイル	file
心配	しんぱい	worry; concern; anxiety; assistance
赤ちゃん	あかちゃん	baby, infant
難しい	むずかしい	difficult
調子	ちょうし	tone; condition
居る	いる	be; exist (person); stays at...
七月	しちがつ	July
行く	いく, ゆく	to go
止まる	とまる	to stop; to come to a halt
じゃあ	じゃあ	well...
名前	なまえ	name
お酒	おさけ	sake; alcohol
試す	ためす	to attempt; to test
安い	やすい	inexpensive; cheap
橋	はし	bridge
雪	ゆき	snow; snowfall
間	あいだ	space or time (between); gap; interval; distance; span
隣	となり	next to; neighboring house
生える	はえる	grow; spring up
うん	うん	uh-huh; yes
二	に	two
人気がある	にんきがある	be popular
林	はやし	woods; grove; thicket
青	あお	blue; green; green light; youth
練習	れんしゅう	practice
そろそろ失礼します	そろそろしつれいします	It's almost time to leave now.
人形	にんぎょう	doll
草	くさ	grass; weed
曲がる	まがる	to bend; to turn; to curve
約束を守る	やくそくをまもる	keep a promise
神	かみ	god; spirit
別	べつ	another; different
ライオン	ライオン	lion
一月	ひとつき	one month
にも	にも	also; too; not ... either; as well; even
アパート	アパート	apartment; flat; apartment house
三	さん, み	three
病院	びょういん	hospital
遊ぶ	あそぶ	to play
高校生	こうこうせい	high school student
娘	むすめ	daughter; girl
八百	はっぴゃく	eight hundred
片道切符	かたみちきっぷ	one-way ticket
アイスクリーム	アイスクリーム	ice cream
御風呂	おふろ	bath
大事	だいじ	important; serious matter
閉じる	とじる	to close; to shut
丸い	まるい	round
～がる	～がる	to feel; to behave as if one were
バス	バス	bus
九月	くがつ	September
ありがとうございました	ありがとうございました	Thank you very much (said after something is done)
忘れる	わすれる	to forget; to be forgetful of
下さい	ください	please; give me...
何も	なにも	nothing (with neg. verb)
雷	かみなり	thunder; lightning
四月	しがつ	April
六万	ろくまん	sixty thousand
何	なに,なん	what; which; how many
地下鉄	ちかてつ	subway
ごみ	ごみ	rubbish; trash
いらっしゃい	いらっしゃい	Please come in!; Welcome!
言葉	ことば	word; language
動画	どうが	animation; motion picture; moving image; video; in-betweening (in anime)
二十日	はつか	twenty days; the twentieth (day)
磨く	みがく	to polish; to shine; to brush (e.g. teeth)
楽しい	たのしい	enjoyable; fun
左に曲がる	ひだりにまがる	to turn to the left
鼻	はな	nose
平仮名	ひらがな	hiragana
社長	しゃちょう	president (of a company)
全然	ぜんぜん	wholly; not at all (with negative)
家族	かぞく	family; household
離婚	りこん	divorce
持つ	もつ	to hold; to possess
千	せん, ち	thousand
座る	すわる	sit; sit down
山川さん	やまかわさん	Mr./Mrs Yamakawa
階段	かいだん	steps; flight of stairs
シルバー	シルバー	silver
日曜日	にちようび	Sunday
六百	ろっぴゃく	six hundred
スプーン	スプーン	spoon
晩	ばん	evening; counter for nights
じろじろ見る	じろじろみる	stare
馬	うま	horse
吹く	ふく	blow; play on a wind instrument
植物	しょくぶつ	plant; vegetation
～冊	～さつ	counter for books, volumes, etc.
バス停	バスてい	bus stop
子供	こども	child
七分	しちぶん,ななふん	seven minutes
彼	かれ	he; one's boyfriend
再来月	さらいげつ	the month after next
おめでとうございます	おめでとうございます	Congratulations!
布団	ふとん	futon; bedquilt
人々	ひとびと	people
三十	さんじゅう	thirty
見せる	みせる	to show; to display
十四日	じゅうよっか	fourteen days; fourteenth of the month
すみません	すみません	excuse me
三万	さんまん	thirty thousand
池	いけ	pond
写真	しゃしん	photograph
少ない	すくない	few; little; scarce
下らない	くだらない	good-for-nothing; stupid
奇麗	きれい	beautiful, pretty, neat
失礼します	しつれいします	Excuse me.; I must be going now.
六日	むいか	six days; sixth of the month
丁度	ちょうど	exactly; precisely; just
週末	しゅうまつ	weekend
ホワイトデー	ホワイトデー	White Day
天気	てんき	weather
戸	と	door (esp. Japanese-style)
言う	いう	to say
そうですね	そうですね	That's right.
万年筆	まんねんひつ	fountain pen
いい考えですね	いいかんがえですね	That's a good idea!
こんばんは	こんばんは	Good evening.; Hello.
文	ぶん	sentence; text
再来年	さらいねん	the year after next
嫌い	きらい	hate; dislike
多い	おおい	many; numerous
始まる	はじまる	to begin
御休みなさい	おやすみなさい	good night
直ぐ	すぐ	at once; soon
切る	きる	to cut; to cut through
十二日	じゅうににち	the twelfth (day)
スキー	スキー	ski; skiing
出す	だす	to take out; to get out; to send (e.g. letter); to hand in
船便	ふなびん	surface mail; shipping service
チョコレート	チョコレート	chocolate
文章	ぶんしょう	sentence; writing; prose
風邪	かぜ	cold (sickness)
昼ご飯	ひるごはん	lunch
値段	ねだん	price
電子メール	でんしメール	e-mail
今年	ことし	this year
～匹	～ひき	counter for small animals (cats, insects, etc.)
起こす	おこす	to cause; to wake someone
いくらですか	いくらですか	how much is this?
今週	こんしゅう	this week
～回	～かい	~times (counter)
一緒に	いっしょに	together
気分が悪い	きぶんがわるい	feel sick
元気	げんき	healthy; energetic
～年生	～ねんせい	... year student
サークル	サークル	circle; circle (group of like-minded people)
終わる	おわる	to finish; to end; to close
読む	よむ	to read
これ、お願いします	これ、おねがいします	Can you take care of this, please?
後で	あとで	afterwards
目	め	eye
カーテン	カーテン	curtain
ポケット	ポケット	pocket
娘さん	むすめさん	daughter; young woman
すごく	すごく	extremely
親切	しんせつ	kind; friendly
左	ひだり	left
問題	もんだい	problem; question
成る程	なるほど	I see; really
十四分	じゅうよんぷん	fourteen minutes
空気	くうき	air; atmosphere
入れる	いれる	to put in; to insert
遅く	おそく	(do something) late
二万	にまん	twenty thousand
地下	ちか	basement; underground
二時半	にじはん	two thirty (in the morning/afternoon)
知っています	しっています	I know
京子	きょうこ	Kyoko (female name)
豚肉	ぶたにく	pork; hog meat
キログラム	キログラム	kilogram
カメラ	カメラ	camera
十五日	じゅうごにち	the fifteenth (day)
会う	あう	to meet
勉強	べんきょう	study
もっと	もっと	more
正しい	ただしい	correct; righteous; lawful
ほとんど	ほとんど	mostly; practically; nearly
マンション	マンション	apartment; apartment block; condominium
もう	もう	already; anymore; other; more
外	そと	outside; exterior
入る	はいる	to enter
物足りない	ものたりない	unsatisfied; unsatisfactory
兎	ウサギ	rabbit; hare
急ぐ	いそぐ	to hurry; hasten
ビデオカメラ	ビデオカメラ	camcorder; video camera
クラブ	クラブ	club
髪	かみ	hair; hairstyle
ご飯	ごはん	rice; food; meal
男の子	おとこのこ	boy; baby boy
三つ	みっつ	three (things)
山田さん	やまださん	Mr./Mrs. Yamada
顔	かお	face
本棚	ほんだな	bookshelf
あそこ	あそこ	over there
上げる	あげる	to raise; to give; to do for; to elevate
海	うみ	sea; ocean
角	かど	corner; edge; angle
約束	やくそく	promise; pact
昨夜	さくや, ゆうべ	last night; last evening
東	ひがし	east
御姉さん	おねえさん	older sister
わかりません	わかりません	(I) don't understand
八月	はちがつ	August
九万	きゅうまん	ninety thousand
暇	ひま	free time; spare time; time off
テニス	テニス	tennis
道	みち	road; street
笑顔	えがお	smiling face; smile
クリスマス	クリスマス	Christmas
煙草	たばこ	tobacco; cigarette
日本猿	にほんざる	snow monkey
あげる	あげる	give; raise; deep-fry
一杯	いっぱい	full; cupful; a lot of
為る	する	do; make; wear small items
御免下さい	ごめんください	May I come in?
土	つち	earth; soil; ground
死ぬ	しぬ	to die
明日	あした, あす, みょうにち	tomorrow
風呂	ふろ	bath
実は	じつは	as a matter of fact; frankly
鞄	かばん	bag; handbag; briefcase
山	やま	mountain
消す	けす	to turn off; erase; delete; put out
御～	お～,ご～	honorable; honorific
欲しい	ほしい	want; desire
スリッパ	スリッパ	slippers
返す	かえす	return (something); repay
外国語	がいこくご	foreign language
住む	すむ	to live; reside
時間	じかん	time; hour(s)
ウェイター	ウェイター	waiter
両親	りょうしん	parents
成る	なる	to become
マッチ	マッチ	match; matchbox
五日	いつか	five days; fifth of the month
厭	いや	unfavorable; unpleasant; hateful
頭	あたま	head
レストラン	レストラン	restaurant
店	みせ	shop; store
十二月	じゅうにがつ	December
ゴルフ	ゴルフ	golf
戴きます	いただきます	expression of gratitude before meals
豚	ぶた	pig
プロポーズ	プロポーズ	marriage proposal; propose
晴れる	はれる	be sunny; clear up
やっぱり	やっぱり	just as I thought; after all
後ろ	うしろ	back; behind
春	はる	spring
要る	いる	need; require
どちらかと言うと	どちらかというと	if pushed I'd say; if I had to say then
十四	じゅうし,じゅうよん	fourteen
十三分	じゅうさんぷん	thirteen minutes
お祖母さん	おばあさん	grandmother; female senior citizen
霊	れい	soul; spirit; departed soul; ghost
行う	おこなう	do; carry out
重い	おもい	heavy
駅	えき	station
知りません	しりません	I do not know
出口	でぐち	exit; exit ramp
五十円切手を三枚ください	ごじゅうえんきってをさんまいください	Give me three 50-yen stamps, please.
体	からだ	body; health
学生	がくせい	student
エレベーター	エレベーター	elevator
多分	たぶん	probably; perhaps
三十日	さんじゅうにち	the thirtieth (day)
四百	よんひゃく	four hundred
お元気ですか	おげんきですか	How are you? (literally: Are you well)?
二十一日	にじゅういちにち	the twenty-first (day)
九千	きゅうせん	nine thousand
十八日	じゅうはちにち	the eighteenth (day)
テープレコーダー	テープレコーダー	tape recorder; cassette recorder
先週	せんしゅう	last week
内	うち	inside
カレンダー	カレンダー	calendar
電話をかける	でんわをかける	to make a phone call
地図	ちず	map; atlas
薬を飲む	くすりをのむ	take medicine
ホームステイ	ホームステイ	homestay
其れ	それ	that; that one
昼御飯	ひるごはん	lunch
佩く	はく	wear (on lower body); put on
半	はん	half (usually suffix); odd number
道を渡る	みちをわたる	cross the street
パン	パン	bread
病気	びょうき	illness
十一月	じゅういちがつ	November
一番	いちばん	most; best
六月	ろくがつ	June
犬	いぬ	dog
キロメートル	キロメートル	kilometer
専門	せんもん	specialty; subject of study
玄関	げんかん	entranceway; front door; area where shoes are kept
飛行機	ひこうき	airplane
先	さき	ahead; first; previous; before
感じる	かんじる	feel; sense
バレンタインデー	バレンタインデー	St. Valentine's Day
花	はな	flower; blossom
習う	ならう	to learn; practice
ゆっくりと	ゆっくりと	slowly; at ease
彼女	かのじょ	she; one's girlfriend
七日	なのか	seven days; seventh of the month
レポート	レポート	report; paper
お休みなさい	おやすみなさい	good night
どんな	どんな	what kind of ...
庭	にわ	garden; court
バイオリン	バイオリン	violin
三時	さんじ	three o'clock
お寺	おてら	temple (honorific)
覚える	おぼえる	memorize; remember; learn
文法	ぶんぽう	grammar
出る	でる	exit; leave; go out
五万	ごまん	fifty thousand
お金持ち	おかねもち	rich person
毎年	まいとし, まいねん	every year
ああ	ああ	oh; that kind of...
車	くるま	car
に就て	について	concerning; along; under; per
合う	あう	merge; fit; match; suit; unite
バイク	バイク	motorbike; motor cycle
煩い	うるさい	noisy; bothersome
パンツ	パンツ	pants; underpants
何人	なんにん	how many people?
泳ぐ	およぐ	swim
交番	こうばん	police box
先ず	まず	first; first of all
～度	～ど	degrees; times
美味しい	おいしい	tasty
焼き鳥	やきとり	grilled chicken on skewer
八千	はっせん	eight thousand
米	こめ	rice (raw)
学校	がっこう	school
一緒	いっしょ	together
こっち	こっち	this place/way/person here (informal)
大丈夫ですか	だいじょうぶですか	Are you okay?
可笑しい	おかしい	funny; amusing; strange; peculiar
試験	しけん	test; examination
まで	まで	to (a place); as far as (a place); till (a time)
ストーブ	ストーブ	heater (derived from the word "stove")
本	ほん	book; volume; counter for long things
曇り	くもり	cloudiness; cloudy weather
十ページをみてください	じゅうページをみてください	Please look at page 10.
魚	さかな,うお	fish
科学	かがく	science
ゆっくり	ゆっくり	slowly
言語	げんご	language; speech
お風呂に入る	おふろにはいる	take a bath
結構です	けっこうです	That would be fine.; That wouldn't be necessary.
歩く	あるく	to walk; go on foot
さあ	さあ	now then; well; oh
こんな～	こんな～	...like this; this kind of...
ではお元気で	ではおげんきで	take care; be well; farewell
もう少し	もうすこし	a little more
二十五日	にじゅうごにち	the twenty-fifth (day)
心	こころ	heart; mind
達	たち	plural marker for some words
銀行	ぎんこう	bank
四日	よっか	four days; fourth of the month
薬	くすり	medicine; drug; remedy; chemical
閉める	しめる	to close; to shut
じゃない	じゃない	plain form of ではありません
声	こえ	voice
道の右側	みちのみぎがわ	right side of the street
過ぎ	すぎ	past; after; too (much)
ハンバーガー	ハンバーガー	hamburger
作る	つくる	to make; to create
右に曲がる	みぎにまがる	turn right
傘	かさ	umbrella; parasol
十七分	じゅうななふん	seventeen minutes
そうかもしれません	そうかもしれません	That is probably so.
遣る	やる	do (informal); give; send; run (a store); perform
貝	かい	shell; shellfish
～台	～だい	counter for cars and machines
しなかった	しなかった	didn't do (plain)
掛る	かかる	to take; to hang; to come into view; to arrive; to start (engines, motors)
～だろう	～だろう	probably (plain)
いってきます	いってきます	I'm off, see you later
ください	ください	please give me ...; please ... (suffix)
韓国	かんこく	Korea; South Korea
開ける	あける	to open
会社員	かいしゃいん	company employee
未だ	まだ,　いまだ	(not) yet; more; still
二月	にがつ	February
引く	ひく	to draw; to pull
歴史	れきし	history
カレー	カレー	curry
二十六日	にじゅうろくにち	the twenty-sixth (day)
運転	うんてん	drive
思い出す	おもいだす	to recall; to recollect
はじめまして	はじめまして	Nice to meet you. (How do you do?) Literal translation : "this is the first time".
していません	していません	not doing (polite)
けど	けど	but; however; although
している	している	doing (plain)
します	します	do (polite)
ではありませんでした	ではありませんでした	negative past tense of です
一万	いちまん	ten thousand
どの	どの	which (thing)
古い	ふるい	old
どうぞ	どうぞ	please; ok; Here it is
しません	しません	don't do (polite)
三十分	さんじゅっぷん,さんじっぷん	thirty minutes
上	うえ	up; above; top; on
今晩	こんばん	this evening; tonight
ではない	ではない	slightly more formal version of じゃない
高校	こうこう	high school
一分	いっぷん	one minute
～と言う	～という	to say that...; called/named...
おかえり	おかえり	return; (abbr) welcome home
ラジオ	ラジオ	radio
ですから	ですから	so; therefore; that said
谷	たに	valley; ravine
でした	でした	past tense of です
～くて	～くて	conjuctive form of い adjective
北口	きたぐち	north entrance
ではまた	ではまた	see you later (used in casual correspondence and conversation); goodbye; sincerely
沢山	たくさん	a lot; plenty
帰る	かえる	return (home); go back
駄目	だめ	no good
～でございます	～でございます	polite form of です
川	かわ	river; stream
すぐに	すぐに	instantly; immediately
だった	だった	plain form of a copula でした
～なんです	～なんです	it is assuredly that ...; can say with confidence that
卵	たまご	egg
お願いします	おねがいします	please
二分	にふん	two minutes
だから	だから	so; therefore
御母さん	おかあさん	mother
始める	はじめる	to start; to begin; to commence
じゃありません	じゃありません	negative of です (slightly more informal)
～かもしれません	～かもしれません	may; might (polite)
今日	きょう	today
です	です	be (copula)
とか	とか	and so on; for example
綺麗	きれい	beautiful; lovely; clean
何時	いつ	when
ので	ので	that being the case; because of ...; the reason is ....; given that...
ピザ	ピザ	pizza
ペン	ペン	pen
天	てん	sky; Heaven
八才	はっさい	eight years old
午前	ごぜん	morning; a.m.
十月	じゅうがつ	October
動物	どうぶつ	animal
二十七日	にじゅうしちにち	the twenty-seventh (day)
～かもしれない	～かもしれない	may; might (plain)
十一日	じゅういちにち	the eleventh (day)
わかりました	わかりました	I understand.
河	かわ	river; stream
自転車	じてんしゃ	bicycle
飛ぶ	とぶ	fly; leap; jump
か	か	question particle; or
片仮名	かたかな	katakana
皆で	みんなで	everybody together
電車	でんしゃ	(electric) train
しています	しています	doing (polite)
ではありません	ではありません	negative of です
していない	していない	not doing (plain)
していませんでした	していませんでした	wasn't doing (polite)
ワイシャツ	ワイシャツ	(business) shirt; (white) shirt
アメリカ	アメリカ	America; the US
今	いま	now
早い	はやい	early
曇る	くもる	become cloudy
どうもありがとうございました	どうもありがとうございました	Thank you (very much)
しませんでした	しませんでした	didn't do (polite)
付ける	つける	to attach; set; apply; switch on; write (a diary)
ただいま	ただいま	I'm back!; just now; presently
ピアノ	ピアノ	piano
お名前は	おなまえは	What's your name?
黄色	きいろ	yellow
シャワー	シャワー	shower
鳥	とり	bird
色々	いろいろ	various
一	いち	one
六才	ろくさい	six years old
六時	ろくじ	six o'clock
～時間	～じかん	... hours
十一分	じゅういっぷん	eleven minutes
一時半	いちじはん	one thirty
足	あし	leg; foot
有名	ゆうめい	famous
其処	そこ	there
遅くなる	おそくなる	become late
五千	ごせん	five thousand
鳴る	なる	to sound; to ring; to roar
まだ	まだ	still; (not) yet; as yet
昨日	きのう, さくじつ	yesterday
背広	せびろ	business suit
だけ	だけ	just; only
コピーする	コピーする	to copy; to photocopy
どれ	どれ	which? (between three or more choices)
バーベキュー	バーベキュー	barbecue
コンサート	コンサート	concert
渡す	わたす	carry across; hand over
掛かる	かかる	hang; take, require, cost (e.g. a resource); put on (glasses); lock (door); attend, deal with (vi)
また	また	again
六つ	むっつ	six (things)
一時間	いちじかん	one hour
歌う	うたう	to sing
切手	きって	postage stamp
自動車学校	じどうしゃがっこう	driving school
まだです	まだです	not yet
～キロ	～キロ	kilo (kilogram or kilometer)
二千	にせん	two thousand
秋	あき	autumn; fall
十分	じゅっぷん	ten minutes
二十四日	にじゅうよっか	the twenty-fourth (day)
～歳	～さい	years old
売る	うる	to sell
水色	みずいろ	sky blue; turquoise
十八分	じゅうはっぷん,じゅうはちふん	eighteen minutes
～枚	～まい	counter for flat things (pieces of paper, shirts, coins, etc.)
意味	いみ	meaning; significance
九百	きゅうひゃく	nine hundred
来年	らいねん	next year
東口	ひがしぐち	east exit/entrance
御兄さん	おにいさん	older brother
ご馳走様でした	ごちそうさまでした	said after meals
遅い	おそい	slow; late
一才	いっさい	one-year-old
気分	きぶん	feeling; mood
七百	ななひゃく, しちひゃく	seven hundred
時々	ときどき	sometimes
その	その	that (thing)
もしもし	もしもし	Hello? (used on the phone)
ドア	ドア	door (Western style)
自然	しぜん	nature, spontaneity
五	ご	five
そう思います	そうおもいます	That is what I think.
立つ	たつ	to stand; to rise
今度	こんど	this time; next time; one of these days
英語	えいご	English language
四千	よんせん	four thousand
高い	たかい	high; tall; expensive
九つ	ここのつ	nine (things)
ズボン	ズボン	trousers; pants
黒い	くろい	black
十六分	じゅうろっぷん	sixteen minutes
ラジカセ	ラジカセ	tape recorder with a radio
本当ですか	ほんとうですか	Really?
八	はち	eight
ぐらい	ぐらい	about; approximately
風邪薬	かぜぐすり	remedy for a cold
木	き	tree; wood
先月	せんげつ	last month
十時	じゅうじ	ten o'clock
所	ところ	place
結婚する	けっこんする	to marry
トマト	トマト	tomato
十三日	じゅうさんにち	the thirteenth (day)
六分	ろっぷん	six minutes
何日ぐらいかかりますか	なんにちぐらいかかりますか	How many days will it take?
余り	あまり	not very (with negative); remainder; leftover; too much (with positive)
夕方	ゆうがた	evening; dusk
火山	かざん	volcano
～週間	～しゅうかん	weeks
二時	にじ	two o'clock
出かける	でかける	go out; leave (the house)
九	きゅう,く	nine
歌	うた	song
埋め合わせ	うめあわせ	compensation
ご免なさい	ごめんなさい	I am sorry
命	いのち	life
万	まん	ten thousand
午後	ごご	afternoon; p.m.
近く	ちかく	near; close to; shortly; soon
お早うございます	おはようございます	good morning
私も	わたしも	So do I.
十二分	じゅうにふん	twelve minutes
四万	よんまん	forty thousand
御酒	おさけ	alcohol; sake
二才	にさい	two years old
九時	くじ	nine o’clock
パーティー	パーティー	party
お元気で	おげんきで	take care; be well; farewell
お皿	おさら	plate; dish
どうも	どうも	very; thanks; somehow
耳	みみ	ear
後	あと	after; back; behind; more (minutes, points); the rest
映画館	えいがかん	movie theater; cinema
空	そら	sky; the heavens
でしょう	でしょう	probably (polite); right?
虫	むし	insect; worm
そして	そして	and then
留学生	りゅうがくせい	overseas student; exchange student
四	よん,し	four
手	て	hand
白	しろ	white
金	かね	money; metal
ジーンズ	ジーンズ	jeans
うそでしょう	うそでしょう	Are you kidding?; Probably a lie
然し	しかし	however; but
ビジネス	ビジネス	business
円い	まるい	round; spherical; harmonious
新しい	あたらしい	new
気	き	spirit; temperament
果物	くだもの	fruit
夏休み	なつやすみ	summer vacation
十五分	じゅうごふん	fifteen minutes
道の左側	みちのひだりがわ	left side of the street
そっち	そっち	that place/way/person there (informal)
三才	さんさい	three years old; the three powers: heaven, earth and man
この人	このひと	this person
海外旅行	かいがいりょこう	trip to a foreign country
またね	またね	good-bye; see you later
やせています	やせています	to be thin
持ってくる	もってくる	bring (something) along
オレンジ色	オレンジいろ	orange (colour, color)
国	くに	country
メニュー	メニュー	menu; bill of fare
此れ	これ	this
一月	いちがつ	January
日	ひ	sun; sunlight; day
飲む	のむ	to drink; take (medicine)
～分	～ふん	minutes
風	かぜ	wind
話	はなし	talk; conversation; story
ボタン	ボタン	button
前	まえ	front; before
よかった	よかった	What a relief; I'm glad
ナイフ	ナイフ	knife
大学	だいがく	university; college
東京	とうきょう	Tokyo
火	ひ	fire
土曜日	どようび	Saturday
そうですか	そうですか	I see; Is that so; Really?
二十	にじゅう	20
掛ける	かける	to hang; to expend (time, money)
八十	はちじゅう	eighty
七才	ななさい	seven years old
～屋	～や	...shop
一日	いちにち	one day
聞いて下さい	きいてください	Please listen.
書く	かく	write
二十分	にじゅっぷん,にじっぷん	twenty minutes
先生	せんせい	teacher; term of address for teacher, doctor, lawyer, writer etc.
段々	だんだん	gradually; one after another
夜	よる,よ	night; evening
お金	おかね	money
長い	ながい	long
又	また	again; also; or
男	おとこ	man; male
サッカー	サッカー	soccer; football
また明日	またあした	See you tomorrow.
出来る	できる	can do; be good at
一人で	ひとりで	by oneself; alone
テレビ	テレビ	television
今日は	こんにちは, こんちは	hello; good day (daytime greeting)
～方	～かた	how to...; way of...
良かったら	よかったら	if you like
ずつ	ずつ	each; once per
どういたしまして	どういたしまして	You are welcome.
十一時	じゅういちじ	eleven o'clock
米	メートル	meter; gauge
物	もの	thing; object
いらっしゃいませ	いらっしゃいませ	welcome (to our store)
弟	おとうと	younger brother
十二時	じゅうにじ	twelve o'clock
何ですか	なんですか	What is it?
取る	とる	to take; to pick up; to harvest; to earn; to choose; to steal; to take off (one's glasses, etc.)
夏	なつ	summer
分かる	わかる	to understand
五百	ごひゃく, いお	five hundred; many
門	もん	gate
じゃあね	じゃあね	See you then; Bye; Ciao
町	まち	town; block; city quarter
ありがとうございます	ありがとうございます	thank you (formal)
四才	よんさい	four years old
買う	かう	buy
映画	えいが	movie
テープ	テープ	tape; cassette
並べる	ならべる	line up; display; set up
十六	じゅうろく	sixteen
小さい	ちいさい	small
待つ	まつ	wait; wait for
田中さん	たなかさん	Mr./Ms. Tanaka
来る	くる	to come; to arrive
二十	にじゅう	twenty
其れでは	それでは	if that is the case; well then
女	おんな	woman; girl
雨	あめ	rain
十五	じゅうご	fifteen
百	ひゃく	hundred
近い	ちかい	near; close; short (distance)
母	はは	mother
皆	みんな	everybody; everything
十	じゅう	ten
白鳥	はくちょう	swan
ケーキ	ケーキ	cake
十万	じゅうまん	one hundred thousand
十八	じゅうはち	eighteen
コーヒー	コーヒー	coffee
十才	じゅっさい,じっさい	ten years old
水	みず	water
月	つき	moon; month
入口	いりぐち	entrance; gate
十	とお	ten (things)
子	こ	child; kid
ギター	ギター	guitar
結婚	けっこん	marriage; get married
ノート	ノート	note book; laptop
明るい	あかるい	bright
円	えん	circle; Yen
休み	やすみ	rest; holiday; absence
毎月	まいつき, まいげつ	every month
今月	こんげつ	this month
ボールペン	ボールペン	ballpoint pen
西	にし	west
時	とき	time; when...
会社	かいしゃ	company; corporation
スーパー	スーパー	super; supermarket
セーター	セーター	sweater; pullover
五才	ごさい	five years old
外国人	がいこくじん	foreigner
から	から	because; from
いい子	いいこ	good child
南	みなみ	south
色	いろ	color
～側	～がわ	side
じゃ	じゃ	ja (hiragana)
十三	じゅうさん	thirteen
パソコン	パソコン	personal computer
メール	メール	e-mail
毎晩	まいばん	every evening
田	た	rice field; rice paddy
見る	みる	to see; to look; to try
十九	じゅうきゅう,じゅうく	nineteen
プール	プール	pool
茶色	ちゃいろ	light brown
水曜日	すいようび	Wednesday
テスト	テスト	test; exam
人	ひと	person
来週	らいしゅう	next week
毎朝	まいあさ	every morning
私	わたし,わたくし	I; me
ページ	ページ	page
大好き	だいすき	to love; like a lot
二人	ふたり	two people
どっち	どっち	which (between two choices); which place/way/person? (informal)
デート	デート	date (with a person)
一つ	ひとつ	one (thing)
女の子	おんなのこ	girl; daughter
人	じん	suffix for nationalities
～語	～ご	language
二つ	ふたつ	two (things)
十二	じゅうに	twelve
それから	それから	afterwards; and then
二百	にひゃく	two hundred
ペット	ペット	pet
七時	しちじ	seven o’clock
皆さん	みなさん	everybody; ladies and gentlemen
羽	ウ, は, はね	feathers; counter for birds, rabbits
一人	ひとり	one; one person
五時	ごじ	five o'clock
十七	じゅうなな,じゅうしち	seventeen
アルバイト	アルバイト	casual job; student job; part-time job
木曜日	もくようび	Thursday
大きい	おおきい	big
お父さん	おとうさん	father (honorific)
学	がく	learning; studies; science
ちょっと	ちょっと	just a moment; just a little; it's a bit (difficult)
何時	なんじ	what time?
よろしくお願いします	よろしくおねがいします	I look forward to working with you; Thank you in advance; Please treat me well
文学	ぶんがく	literature
コンピューター	コンピューター	computer
酒	さけ	sake; alcoholic drink
御願いします	おねがいします	please
大学生	だいがくせい	university student
飲み物	のみもの	drink; beverage
茶	ちゃ	tea; light brown
少し	すこし	a bit; small quantity
女の人	おんなのひと	woman
本屋	ほんや	bookstore; bookshop
日本人	にほんじん	Japanese person
月曜日	げつようび	Monday
何時も	いつも	always
どうして	どうして	why
隹	ふるとり	kanji "old bird" radical
～年	～ねん	years (grade in school; duration; specific year)
そう	そう	in such manner; that way
中国	ちゅうごく	China
毎日	まいにち	every day
かっこいい	かっこいい	cool; great-looking
下	した	under; below
スウェーデン	スウェーデン	Sweden
父	ちち	father
カラオケ	カラオケ	karaoke
金曜日	きんようび	Friday
来	らい	next (year, etc.); since (last month, etc.)
七十	ななじゅう	seventy
七	なな,しち	seven
来月	らいげつ	next month
好き	すき	liking; fondness; love
おやすみなさい	おやすみなさい	Good night.
お兄さん	おにいさん	older brother (honorific)
タクシー	タクシー	taxi; cab
七千	ななせん	seven thousand
十一	じゅういち	eleven
日本	にほん, にっぽん	Japan
良い	いい, よい	good
曜	ヨウ	day of the week
火曜日	かようび	Tuesday
年	とし	year; age
肉	にく	flesh; meat
フィルム	フィルム	film
スカート	スカート	skirt
よく	よく	often
大き	おおき	big; large
朝	あさ	morning
クラス	クラス	class
バター	バター	butter
でも	でも	but; however
八時	はちじ	eight o'clock
ニュース	ニュース	news
九十	きゅうじゅう	ninety
ゼロ	ゼロ	zero
この	この	this (thing)
レコード	レコード	record
五つ	いつつ	five (things)
五十	ごじゅう	fifty
四時	よじ	four o’clock
コート	コート	coat; jacket; (tennis) court
スポーツ	スポーツ	sport
食べる	たべる	to eat
六十	ろくじゅう	sixty
カップ	カップ	cup
シャツ	シャツ	shirt
～本	～ほん	counter for long, thin objects (bottles, pencils, films, etc.)
トイレ	トイレ	toilet
日本語	にほんご	Japanese language
語	ご	language (suffix); word; term
食べ物	たべもの	food
どう	どう	how; in what way; how about
デパート	デパート	department store; department
はい	はい	yes; okay
白い	しろい	white
四十	よんじゅう	forty
五分	ごふん	five minutes
そうです	そうです	That's right.
～円	～えん	yen
ありがとう	ありがとう	thank you
六	ろく	six
さん	さん	Mr./Ms....
