嵐	あらし	storm	
余裕	よゆう	surplus; room; leeway	
賛成です	さんせいです	I agree	
で	で	de (hiragana)	
指	ゆび	finger; toe	
幸せ	しあわせ	happiness; good fortune	
秒	びょう	second (interval of time)	
今週末	こんしゅうまつ	this weekend	
鷲	わし	eagle	
鶴	ツル	crane; stork	
烏	カラス	crow; raven	
雉	きじ	green pheasant (Japan's national bird)	
鷹	たか	falcon; hawk	
鴨	かも	duck; easy mark; sucker; sitting duck	
辛い	からい	spicy; salty; bitter; strict	
山羊	やぎ	goat	
鼠	ねずみ	rat; mouse	
助けて	たすけて	help!	
猿	さる	monkey; ape	
生活	せいかつ	life; living	
足る	たる	be sufficient; be enough	
働く	はたらく	to work	
全部	ぜんぶ	all; wholly	
一杯	いっぱい	full; cupful; a lot of	
森	もり	forest; thick woods	
米	メートル	meter; gauge	
二日	ふつか	two days; second of the month	
早い	はやい	early	
物	もの	thing; object	
持ってくる	もってくる	bring (something) along	
どうやって	どうやって	how; by what means	
勿論	もちろん	of course; no doubt	
薔薇	バラ	rose	
現れる	あらわれる	appear; emerge	
いらっしゃいませ	いらっしゃいませ	welcome (to our store)	
下手	へた	not good at	
まあね	まあね	well, I must admit ...	
ね	ね	ne (hiragana)	
韓国料理	かんこくりょうり	Korean food	
眼鏡	めがね	glasses; judgment	
教室	きょうしつ	classroom	
おかえり	おかえり	return; (abbr) welcome home	
弟	おとうと	younger brother	
絵	え	picture; painting; drawing	
熱い	あつい	hot (objects)	
手伝う	てつだう	help; assist	
自転車	じてんしゃ	bicycle	
十二時	じゅうにじ	twelve o'clock	
七日	なのか	seven days; seventh of the month	
返す	かえす	return (something); repay	
本当に	ほんとうに	really; truly	
公園	こうえん	park; public garden	
何ですか	なんですか	What is it?	
午前中	ごぜんちゅう	in the morning	
兎	ウサギ	rabbit; hare	
喉	のど	the throat	
政治	せいじ	politics	
出身	しゅっしん	person's origin	
頑張る	がんばる	persist; be tenacious	
豚	ぶた	pig	
黒猫	くろねこ	black cat	
日本猿	にほんざる	snow monkey	
両親	りょうしん	parents	
こちらこそ	こちらこそ	It is I who should say so; Thank you	
連れてくる	つれてくる	bring (someone) along	
又	また	again; also; or	
脱ぐ	ぬぐ	to take off (clothes, shoes, etc.)	
教科書	きょうかしょ	textbook; schoolbook	
杯	はい	sake cup; cup for alcoholic beverages; counter for cupfuls	
考える	かんがえる	to consider; to think about	
貰う	もらう	receive	
金髪	きんぱつ	blond; blonde	
暖かい	あたたかい	warm	
友達	ともだち	friend; companion	
不味い	まずい	awful; troublesome; unappetizing	
借りる	かりる	to borrow; to rent	
美しい	うつくしい	beautiful	
添削	てんさく	correction	
やっぱり	やっぱり	just as I thought; after all	
素晴らしいです	すばらしいです	That's great	
博物館	はくぶつかん	museum	
美術館	びじゅつかん	art museum; art gallery	
道理で	どうりで	indeed; it's no wonder	
正解	せいかい	right answer; correct solution	
猪	いのしし	wild boar; hog	
砂糖	さとう	sugar	
虎	とら	tiger	
靴下	くつした	socks; stockings	
殆ど	ほとんど	almost; hardly	
平日	へいじつ	weekday	
結構	けっこう	wonderful; quite; good enough	
狼	おおかみ	wolf (carnivore, Canis lupus)	
手袋	てぶくろ	gloves	
蛇	へび	snake; serpent	
御苦労	ごくろう	trouble (I have put you through)	
柴犬	しばいぬ	Shiba Inu (breed of dog)	
不合格	ふごうかく	failure; disqualification	
本当	ほんとう	truth; reality	
果物	くだもの	fruit	
鞄	かばん	bag; handbag; briefcase	
万年筆	まんねんひつ	fountain pen	
取る	とる	to take; to pick up; to harvest; to earn; to choose; to steal; to take off (one's glasses, etc.)	
一日	ついたち	(arch) first day of the month; first ten days of the lunar month	
お元気で	おげんきで	take care; be well; farewell	
お元気ですか	おげんきですか	How are you? (literally: Are you well)?	
寿司	すし	sushi	
夏	なつ	summer	
閉まる	しまる	to be shut; to close; to be closed	
便利	べんり	convenience; handiness	
眼鏡をかける	めがねをかける	to wear glasses	
実践	じっせん	practice; put into practice	
親	おや	parent(s)	
若い	わかい	young	
確かに	たしかに	certainly; definitely	
閉める	しめる	to close; to shut	
二十日	はつか	twenty days; the twentieth (day)	
ご免下さい	ごめんください	may I come in?	
字引	じびき	dictionary	
酔っ払う	よっぱらう	get drunk	
画面	がめん	screen	
道	みち	road; street	
である	である	to be (formal, literary)	
妹	いもうと	younger sister	
短い	みじかい	short (length)	
分かる	わかる	to understand	
試験	しけん	test; examination	
夕方	ゆうがた	evening; dusk	
絶対に	ぜったいに	absolutely; unconditionally	
に	に	ni (hiragana)	
五百	ごひゃく, いお	five hundred; many	
お巡りさん	おまわりさん	policeman	
野原	のはら	field; plain	
勤める	つとめる	to work (for); to be employed; to serve (as)	
明ける	あける	to dawn; to grow light	
座る	すわる	sit; sit down	
違います	ちがいます	different; wrong	
分ける	わける	divide into parts; sort; share	
狸	たぬき	raccoon dog; sly person	
ご存じ	ごぞんじ	know (honorific)	
またね	またね	good-bye; see you later	
約束を守る	やくそくをまもる	keep a promise	
温泉	おんせん	hot spring	
打つ	うつ	hit; strike	
勉強になりました	べんきょうになりました	I learned a lot (thank you)	
無くす	なくす	lose; get rid of	
展覧会	てんらんかい	exhibition	
お勘定をお願いします	おかんじょうをおねがいします	May I have the check, please?	
失礼	しつれい	discourtesy; impoliteness; to be rude; to leave; Excuse me; Goodbye	
普通	ふつう	normal; regular	
する価値があります	するかちがあります	worth doing	
回る	まわる	to turn; to revolve	
喜んで	よろこんで	gladly; with pleasure	
胸	むね	chest	
世界	せかい	world	
併し	しかし	however; but	
鹿	しか	deer	
栗鼠	りす	squirrel	
将来	しょうらい	future; in the future	
狐	きつね	fox	
何日ぐらいかかりますか	なんにちぐらいかかりますか	How many days will it take?	
ぐらい	ぐらい	about; approximately	
門	もん	gate	
縦	たて	vertical; length; height	
首	くび	neck; head	
速い	はやい	fast	
～年代	～ねんだい	~ties (as in "the sixties")	
配る	くばる	hand out; distribute; allot	
そっち	そっち	there; thou	
楽しむ	たのしむ	to enjoy oneself	
場合	ばあい	case; situation	
意外	いがい	unexpected; unforeseen	
消防士	しょうぼうし	firefighter	
和食	わしょく	Japanese-style food	
明後日	あさって,みょうごにち	day after tomorrow	
段々	だんだん	gradually; one after another	
重い	おもい	heavy	
十一日	じゅういちにち	the eleventh (day)	
秋田犬	あきたいぬ	Akita (breed of dog)	
洗う	あらう	to wash	
あっち	あっち	other side; there	
一昨年	おととし, いっさくねん	the year before last	
素敵	すてき	lovely; nice	
折り紙	おりがみ	origami; paper folding	
薄い	うすい	thin; weak; pale	
天気予報	てんきよほう	weather forecast	
痩せる	やせる	to lose weight; to become thin	
かまいません	かまいません	no problem; I don't mind	
掃除	そうじ	cleaning	
尋ねる	たずねる	inquire; search for	
移る	うつる	move; shift	
減る	へる	to decrease (in size or number); to diminish; to abate	
投げる	なげる	throw; abandon	
賑やか	にぎやか	lively; exciting	
や	や	ya (hiragana)	
と言うか	というか	or perhaps I should say; or, how should I put it,....	
負ける	まける	to lose, to be defeated	
教える	おしえる	teach; tell	
晩御飯	ばんごはん	dinner	
建物	たてもの	building; structure	
まっすぐ行く	まっすぐいく	go straight	
技術	ぎじゅつ	skill; technology	
反対	はんたい	opposition; contrast; opposite	
値段	ねだん	price	
涼しい	すずしい	cool (weather); refreshing	
御姉さん	おねえさん	older sister	
うまい	うまい	good; skillful; clever	
矢張り	やはり,やっぱり	as expected; also; still	
探す	さがす	search for; look for	
予報	よほう	forecast; prediction	
西口	にしぐち	west entrance	
池	いけ	pond	
以上	いじょう	not less than; ... and more; ... and upwards	
約束	やくそく	promise; pact	
悪い	わるい	bad	
正しい	ただしい	correct; righteous; lawful	
しません	しません	don't do (polite)	
転ぶ	ころぶ	to fall down; to fall over	
眺める	ながめる	look out; gaze	
勉強する	べんきょうする	to study	
頼む	たのむ	to request; to ask	
にも	にも	also; too; not ... either; as well; even	
逃げる	にげる	escape; run away	
ですから	ですから	so; therefore; that said	
浮かぶ	うかぶ	float	
飴	あめ	(hard) candy; toffee	
踊る	おどる	dance	
認める	みとめる	to recognize; to observe; to notice; to admit	
な	な	na (hiragana)	
無理	むり	impossible; forced; overdoing	
けど	けど	but; however; although	
～くて	～くて	conjuctive form of い adjective	
～と言う	～という	to say that...; called/named...	
虹	にじ	rainbow	
乾杯	かんぱい	Cheers!; a toast	
じゃない	じゃない	plain form of ではありません	
ではない	ではない	slightly more formal version of じゃない	
ではありませんでした	ではありませんでした	negative past tense of です	
していません	していません	not doing (polite)	
～でございます	～でございます	polite form of です	
しなかった	しなかった	didn't do (plain)	
している	している	doing (plain)	
とか	とか	and so on; for example	
します	します	do (polite)	
だった	だった	plain form of a copula でした	
～だろう	～だろう	probably (plain)	
約	やく	approximately; about	
～かもしれません	～かもしれません	may; might (polite)	
降りる	おりる	to get off; to land; to descend	
～かもしれない	～かもしれない	may; might (plain)	
物足りない	ものたりない	unsatisfied; unsatisfactory	
雨が降る	あめがふる	to rain	
虎猫	とらねこ	tabby cat	
起こす	おこす	to cause; to wake someone	
です	です	be (copula)	
オレンジ色	オレンジいろ	orange (colour, color)	
掛かる	かかる	hang; take, require, cost (e.g. a resource); put on (glasses); lock (door); attend, deal with (vi)	
送る	おくる	to send; take or escort (someone somewhere)	
過ごす	すごす	pass/spend (time)	
八千	はっせん	eight thousand	
去年	きょねん	last year　(spoken language)	
実は	じつは	as a matter of fact; frankly	
角	かど	corner; edge; angle	
寒い	さむい	cold (air, weather)	
億	おく	hundred million	
帽子	ぼうし	hat; cap	
椅子	いす	chair	
最初	さいしょ	first; outset	
でした	でした	past tense of です	
迷う	まよう	be perplexed; hesitate; get lost	
していない	していない	not doing (plain)	
含まれる	ふくまれる	be included (in something)	
ほとんど	ほとんど	mostly; practically; nearly	
松の木	まつのき	pine tree	
ではありません	ではありません	negative of です	
ざんねんですね	ざんねんですね	That's too bad.	
僕	ぼく	I (generally male)	
じゃなかった	じゃなかった	plain version of ではありませんでした	
ぐうぜんですね	ぐうぜんですね	What a coincidence (seeing you here)	
履く	はく	wear (on lower body); put on	
涙	なみだ	tear (e.g. from crying)	
ので	ので	that being the case; because of ...; the reason is ....; given that...	
同感です	どうかんです	I agree	
か	か	question particle; or	
～たり	～たり	Verb (-ta form) -ri, then Verb (-ta form) -ri suru: do things like ~ and ~	
だ	だ	da (hiragana)	
不愉快	ふゆかい	unpleasant; disagreeable	
じゃありません	じゃありません	negative of です (slightly more informal)	
していませんでした	していませんでした	wasn't doing (polite)	
しています	しています	doing (polite)	
久しぶり	ひさしぶり	for the first time in a long time; It's been a long time since I saw you	
も	も	mo (hiragana)	
数字	すうじ	figure; numeral	
神	かみ	god; spirit	
歴史	れきし	history	
掴む	つかむ	to grip; to grab; to catch hold of	
扇子	せんす	paper fan	
塩	しお	salt	
頑張って	がんばって	hold on; go for it; keep at it; good luck; hang in there; do your best!	
例えば	たとえば	for example	
しませんでした	しませんでした	didn't do (polite)	
黄色い	きいろい	yellow	
美味しい	おいしい	tasty	
よかった	よかった	What a relief; I'm glad	
晩	ばん	evening; counter for nights	
じゃあね	じゃあね	See you then; Bye; Ciao	
往復	おうふく	going and returning; round trip	
運動	うんどう	motion; exercise	
花瓶	かびん	flower vase	
作家	さっか	writer; novelist	
ほぼ	ほぼ	almost; nearly	
連絡する	れんらくする	to contact	
警察官	けいさつかん	police officer	
が	が	ga (hiragana)	
どういたしまして	どういたしまして	You are welcome.	
見ているだけです	みているだけです	Just looking	
林檎	りんご	apple	
町	まち	town; block; city quarter	
調べる	しらべる	investigate; check	
往復切符	おうふくきっぷ	round-trip ticket; return ticket	
枯れる	かれる	wither; die	
ところが	ところが	but; on the contrary...	
地図	ちず	map; atlas	
辺	へん	vicinity; part	
貼る	はる	stick; paste	
空気	くうき	air; atmosphere	
詰まらない	つまらない	dull; uninteresting; boring; tedious	
細い	ほそい	thin; slender	
大使館	たいしかん	embassy	
心	こころ	heart; mind	
四角い	しかくい	square; four-sided	
他	た,ほか	other; other things	
止める	とめる	stop (a car); turn off	
寂しい	さびしい,さみしい	lonely; desolate; sad	
晴れる	はれる	be sunny; clear up	
技術者	ぎじゅつしゃ	engineer; technical expert	
玄関	げんかん	entranceway; front door; area where shoes are kept	
御菓子	おかし	sweets; snacks	
駄目	だめ	no good	
勘弁	かんべん	pardon; forgiveness; forbearance	
好む	このむ	like; be fond of	
君	きみ,くん	you; name suffix for boys	
嘘	うそ	lie	
喋る	しゃべる	chat; talk	
集まる	あつまる	to gather; to collect	
と	と	to (hiragana)	
えっと	えっと	let me see; well; errr ...	
卒業	そつぎょう	graduation	
消える	きえる	to vanish; to disappear	
低い	ひくい	low (height, tone, rank, degree, cost, etc.);  short	
人類学	じんるいがく	anthropology	
到着	とうちゃく	arrival	
御酒	おさけ	alcohol; sake	
お祖父さん	おじいさん	grandfather	
どう致しまして	どういたしまして	you are welcome; don't mention it; not at all; my pleasure	
封筒	ふうとう	envelope	
光	ひかり	light; flash	
締める	しめる	tighten; fasten	
荷物	にもつ	baggage; load	
お先にどうぞ	おさきにどうぞ	go ahead	
いくらですか	いくらですか	how much is this?	
進む	すすむ	to advance; move forward	
主婦	しゅふ	housewife	
磨く	みがく	to polish; to shine; to brush (e.g. teeth)	
全然	ぜんぜん	wholly; not at all (with negative)	
大丈夫ですか	だいじょうぶですか	Are you okay?	
素晴らしい	すばらしい	splendid; excellent	
撮る	とる	take (pictures); shoot (film)	
やっと	やっと	at last; finally	
アジア研究	アジアけんきゅう	Asian studies	
鶏肉	とりにく	chicken meat	
八百屋	やおや	vegetable store; greengrocer	
じろじろ見る	じろじろみる	stare	
半	はん	half (usually suffix); odd number	
御尻	おしり	buttocks	
～なんです	～なんです	it is assuredly that ...; can say with confidence that	
軽い	かるい	light (not heavy)	
卵	たまご	egg	
そうかもしれません	そうかもしれません	That is probably so.	
舐める	なめる	lick; lap	
大勢	おおぜい	large numbers; a lot of (people)	
出発時間	しゅっぱつじかん	starting (departure) time	
保険	ほけん	insurance	
割る	わる	divide; crack; split	
選ぶ	えらぶ	choose; elect	
やばい	やばい	dangerous; risky; awful (young persons' slang); terrible; crap; amazing; cool	
霧	きり	fog; mist	
煩い	うるさい	noisy; bothersome	
其方	そちら	there; that way	
茶碗	ちゃわん	tea cup; rice bowl	
三分	さんぷん	three minutes	
作品	さくひん	work of art; piece	
戻る	もどる	to return (to a place); turn back	
難しい	むずかしい	difficult	
御手洗い	おてあらい	toilet; bathroom	
六日	むいか	six days; sixth of the month	
風邪薬	かぜぐすり	remedy for a cold	
見つける	みつける	find	
生える	はえる	grow; spring up	
詰まり	つまり	in short; basically; that is to say...	
まさか	まさか	by no means; never!; well, I never!; you don't say!	
書留	かきとめ	registered mail	
季節	きせつ	season	
水色	みずいろ	sky blue; turquoise	
単語	たんご	word; vocabulary; (usually) single character word	
数える	かぞえる	count; calculate	
景色	けしき	scenery; landscape	
危ない	あぶない	dangerous; uncertain	
押す	おす	to push; to press	
相変わらず	あいかわらず	as usual; as before; the same	
真っ直ぐ	まっすぐ	dead straight; honestly	
如何	いかが	how; what	
嫌う	きらう	dislike	
登る	のぼる	climb; mount; ascend	
とんでもない	とんでもない	unthinkable; outrageous	
お大事に	おだいじに	take care of yourself	
知る	しる	to know	
悲しい	かなしい	sad	
出来るだけ	できるだけ	as much as possible	
参った	まいった	I'm beaten; I give up	
間違う	まちがう	be mistaken; be incorrect	
航空便	こうくうびん	airmail	
捨てる	すてる	to throw away; discard; abandon	
一生懸命	いっしょうけんめい	with all one's might; with utmost effort; very hard	
一	イチ, イツ, ひと, ひと.つ	one; one radical (no.　1)	
ありがとうございます	ありがとうございます	thank you (formal)	
に就て	について	concerning; along; under; per	
太陽	たいよう	sun	
馬鹿	ばか	fool; nonsense	
葉書	はがき	postcard	
被る	かぶる	wear (on head); put on	
直る	なおる	be repaired; return to normal	
近づく	ちかづく	to approach; draw near; get closer to	
霊	れい	soul; spirit; departed soul; ghost	
焼き鳥	やきとり	grilled chicken on skewer	
心臓	しんぞう	heart (organ)	
株	かぶ	stocks; shares; stump (of tree)	
実る	みのる	bear fruit; ripen	
旅行する	りょこうする	to travel	
横断歩道	おうだんほどう	pedestrian crossing; crosswalk	
掏る	する	pick someone's pocket	
簡単	かんたん	simple; easy	
浴衣	ゆかた	yukata; informal summer kimono	
滝	たき	waterfall	
気温	きおん	atmospheric temperature	
触る	さわる	touch; feel	
同僚	どうりょう	colleague; coworker	
壊す	こわす	to break; to destroy; to smash	
劇場	げきじょう	theater	
やった	やった	hooray (lit: I or we did it); whee; hot dog!; you beaut; whacko; yowzer!; yes!	
おめでとうございます	おめでとうございます	Congratulations!	
信号	しんごう	signal; traffic light	
妻	つま	wife	
歩道橋	ほどうきょう	pedestrian bridge	
洞窟	どうくつ	cave	
灰色	はいいろ	ash color; gray	
真面目	まじめ	serious; sober; earnest	
いい考えですね	いいかんがえですね	That's a good idea!	
苦手	にがて	poor (at); weak (in); not very good (at); dislike (of)	
奥さん	おくさん	(someone else's) wife; married lady	
名刺	めいし	business card; calling card	
意地悪	いじわる	malicious; ill-tempered; unkind	
易しい	やさしい	easy; simple	
片道切符	かたみちきっぷ	one-way ticket	
湖	みずうみ	lake	
どちらかと言うと	どちらかというと	if pushed I'd say; if I had to say then	
携帯	けいたい	cell phone; portable; carry	
静か	しずか	quiet; tranquil	
まだ	まだ	still; (not) yet; as yet	
繰り返す	くりかえす	to repeat; to do something over again	
続く	つづく	continue; follow	
鼻	はな	nose	
冗談でしょう	じょうだんでしょう	You must be kidding!	
まだです	まだです	not yet	
また	また	again	
朝寝坊	あさねぼう	oversleep	
新幹線	しんかんせん	Shinkansen; Bullet Train	
感じる	かんじる	feel; sense	
布団	ふとん	futon; bedquilt	
弱い	よわい	weak; frail	
猫	ねこ	cat	
此処	ここ	here	
冬	ふゆ	winter	
ううん	ううん	uh-uh; no	
丈夫	じょうぶ	healthy; robust; strong; durable	
夜	よる,よ	night; evening	
誰	だれ	who; whom	
違う	ちがう	differ; not match the correct (answer, etc.)	
動物	どうぶつ	animal	
風邪	かぜ	cold (sickness)	
意見	いけん	opinion	
部屋	へや	room	
四才	よんさい	four years old	
そろそろ失礼します	そろそろしつれいします	It's almost time to leave now.	
今年	ことし	this year	
買う	かう	buy	
浴びる	あびる	take (a shower)	
注文	ちゅうもん	order; request	
朝ご飯	あさごはん	breakfast	
まで	まで	to (a place); as far as (a place); till (a time)	
丸い	まるい	round	
方法	ほうほう	method; procedure	
両方	りょうほう	both	
お世話になりました	おせわになりました	Thank you for your help/kindness.	
心配	しんぱい	worry; concern; anxiety; assistance	
だから	だから	so; therefore	
映画	えいが	movie	
天気	てんき	weather	
北口	きたぐち	north entrance	
豚肉	ぶたにく	pork; hog meat	
京都	きょうと	Kyoto	
テープ	テープ	tape; cassette	
身長	しんちょう	stature; height	
調子	ちょうし	tone; condition	
可笑しい	おかしい	funny; amusing; strange; peculiar	
二十分	にじゅっぷん,にじっぷん	twenty minutes	
並べる	ならべる	line up; display; set up	
十六	じゅうろく	sixteen	
船	ふね	ship; boat; vessel	
京子	きょうこ	Kyoko (female name)	
小さい	ちいさい	small	
お腹	おなか	stomach	
八分	はっぷん,はちふん	eight minutes	
十四分	じゅうよんぷん	fourteen minutes	
二分	にふん	two minutes	
渡る	わたる	cross; ford; go across	
飛行機	ひこうき	airplane	
待つ	まつ	wait; wait for	
虫	むし	insect; worm	
メニュー	メニュー	menu; bill of fare	
一月	いちがつ	January	
四千	よんせん	four thousand	
甘い	あまい	sweet	
聞いたことがあります	きいたことがあります	I've heard that	
置く	おく	put; leave	
田中さん	たなかさん	Mr./Ms. Tanaka	
可能性	かのうせい	possibility; potentiality	
来る	くる	to come; to arrive	
離れる	はなれる	to be separated from; to leave	
歌舞伎	かぶき	kabuki; Japanese classical play	
シーディー	シーディー	CD	
お休みなさい	おやすみなさい	good night	
薬	くすり	medicine; drug; remedy; chemical	
大丈夫	だいじょうぶ	alright; OK; no problem	
二十	にじゅう	twenty	
仕事	しごと	work; job	
お皿	おさら	plate; dish	
三	さん, み	three	
じゃあ	じゃあ	well...	
絶対	ぜったい	absolute; absolutely	
四分	よんぷん	four minutes	
其れでは	それでは	if that is the case; well then	
大抵	たいてい	generally; mostly; usually	
苗	なえ	seedling	
女	おんな	woman; girl	
勉強	べんきょう	study	
雨	あめ	rain	
貴方	あなた	you	
ようこそ	ようこそ	welcome	
十五	じゅうご	fifteen	
問題	もんだい	problem; question	
家	いえ, うち	house; home	
安い	やすい	inexpensive; cheap	
～がる	～がる	to feel; to behave as if one were	
右に曲がる	みぎにまがる	turn right	
馬	うま	horse	
百	ひゃく	hundred	
音楽	おんがく	music	
シャワーを浴びる	シャワーをあびる	take a shower	
春	はる	spring	
いってきます	いってきます	I'm off, see you later	
お金	おかね	money	
犬	いぬ	dog	
など	など	et cetera, and the like, and so forth	
林	はやし	woods; grove; thicket	
朝御飯	あさごはん	breakfast	
御馳走様	ごちそうさま	word used after one has been treated	
お土産	おみやげ	souvenir	
何方	どなた	who; which way; which one	
青い	あおい	blue	
近い	ちかい	near; close; short (distance)	
そう思います	そうおもいます	That is what I think.	
九	きゅう,く	nine	
御免なさい	ごめんなさい	I'm sorry.	
駅	えき	station	
～個	～こ	counter for smaller items	
閉じる	とじる	to close; to shut	
混ぜる	まぜる	to mix; to stir; to blend	
御風呂	おふろ	bath	
再来月	さらいげつ	the month after next	
消しゴム	けしごむ	eraser	
失礼します	しつれいします	Excuse me.; I must be going now.	
木の下	このした, このもと	under a tree	
試合	しあい	match; game	
母	はは	mother	
綺麗	きれい	beautiful; lovely; clean	
皆	みんな	everybody; everything	
二十四日	にじゅうよっか	the twenty-fourth (day)	
エレベーター	エレベーター	elevator	
種	たね	seed	
～時	～じ	o'clock	
遅い	おそい	slow; late	
有名	ゆうめい	famous	
薬を飲む	くすりをのむ	take medicine	
二才	にさい	two years old	
照る	てる	shine; be fine	
十	じゅう	ten	
石	いし	stone; small rock	
先	さき	ahead; first; previous; before	
白鳥	はくちょう	swan	
五日	いつか	five days; fifth of the month	
御馳走様でした	ごちそうさまでした	said after one has been treated (i.e. after a meal)	
ハンバーガー	ハンバーガー	hamburger	
ケーキ	ケーキ	cake	
申す	もうす	to be called; to say (humble)	
十万	じゅうまん	one hundred thousand	
増える	ふえる	increase; accrue	
市民病院	しみんびょういん	municipal hospital	
行う	おこなう	do; carry out	
経験	けいけん	experience	
体育	たいいく	physical training; physical education	
拾う	ひろう	pick up; find	
開く	あく	to open (business, door, eyes, mouth, etc.); to be empty; to be available	
欲しい	ほしい	want; desire	
嬉しい	うれしい	happy; glad	
成る	なる	to become	
大丈夫ですよ	だいじょうぶですよ	It's OK.	
電池	でんち	battery	
残る	のこる	remain; be left over	
ゴールド	ゴールド	gold	
お願いします	おねがいします	please	
航空便でお願いします	こうくうびんでおねがいします	Air mail, please	
大阪	おおさか	Osaka (place name)	
国際関係	こくさいかんけい	international relations	
肩	かた	shoulder	
ご飯	ごはん	rice; food; meal	
終電	しゅうでん	last train	
言語	げんご	language; speech	
秋	あき	autumn; fall	
高校	こうこう	high school	
十八	じゅうはち	eighteen	
コーヒー	コーヒー	coffee	
冷蔵庫	れいぞうこ	refrigerator	
十才	じゅっさい,じっさい	ten years old	
運転免許	うんてんめんきょ	driver's license	
財布	さいふ	purse; wallet	
水	みず	water	
月	つき	moon; month	
戴きます	いただきます	expression of gratitude before meals	
入口	いりぐち	entrance; gate	
手紙	てがみ	letter	
雪	ゆき	snow; snowfall	
北	きた	north	
崖	がけ	cliff	
落とす	おとす	to drop; to lose; to remove	
最近	さいきん	lately; recently	
貝	かい	shell; shellfish	
十	とお	ten (things)	
十日	とおか	ten days; tenth of the month	
紅茶	こうちゃ	black tea	
頃	ころ, ごろ	time; at about	
子	こ	child; kid	
海外旅行	かいがいりょこう	trip to a foreign country	
ギター	ギター	guitar	
漢字	かんじ	Chinese characters; kanji	
佩く	はく	wear (on lower body); put on	
皆で	みんなで	everybody together	
結婚	けっこん	marriage; get married	
聞く	きく	to hear; to listen; to ask	
温い	ぬるい	tepid; lukewarm	
再来年	さらいねん	the year after next	
焼肉	やきにく	yakiniku (Japanese dish of fried meat), Korean barbecue	
言い訳	いいわけ	apology; excuse	
親切	しんせつ	kind; friendly	
張る	はる	to stick; to paste; strain; tighten; to form (i.e. ice on pond); attach web link	
運ぶ	はこぶ	to carry; to transport; to move	
急ぐ	いそぐ	to hurry; hasten	
汚い	きたない	dirty	
散歩	さんぽ	walk; stroll	
羊	ひつじ	sheep	
一緒	いっしょ	together	
金色	きんいろ	golden color	
ノート	ノート	note book; laptop	
出かける	でかける	go out; leave (the house)	
遣る	やる	do; give; send; run (a store); perform	
別に	べつに	(not) particularly; separately; apart	
土	つち	earth; soil; ground	
漫画	まんが	manga; comics	
五千	ごせん	five thousand	
二日酔	ふつかよい	hangover	
九分	くぶん,きゅうふん	nine minutes	
横	よこ	side; width across; horizontal	
疲れる	つかれる	get tired; become fatigued	
紫	むらさき	purple	
可愛い	かわいい	cute; charming; sweet	
うそでしょう	うそでしょう	Are you kidding?; Probably a lie	
次	つぎ	next	
気にしないで	きにしないで	Don't worry about it.	
明るい	あかるい	bright	
通う	かよう	go to and from; frequent a place	
昼	ひる	daytime; midday; noon	
円	えん	circle; Yen	
到着時刻	とうちゃくじこく	arrival time	
始め	はじめ	beginning; origin	
始まる	はじまる	to begin	
おかえりなさい	おかえりなさい	Welcome back; Welcome home.	
でしょう	でしょう	probably (polite); right?	
窓	まど	window; windowpane	
星	ほし	star; suspect (police slang)	
九時	くじ	nine o’clock	
ドア	ドア	door	
留学生	りゅうがくせい	overseas student; exchange student	
高い	たかい	high; tall; expensive	
休み	やすみ	rest; holiday; absence	
ただいま	ただいま	I'm back!; just now; presently	
一時半	いちじはん	one thirty	
毎月	まいつき, まいげつ	every month	
今月	こんげつ	this month	
ボールペン	ボールペン	ballpoint pen	
五十円切手を三枚ください	ごじゅうえんきってをさんまいください	Give me three 50-yen stamps, please.	
足りる	たりる	to be sufficient; to be enough	
西	にし	west	
先月	せんげつ	last month	
東京	とうきょう	Tokyo	
消す	けす	to turn off; erase; delete; put out	
村	むら	village	
動画	どうが	animation; motion picture; moving image; video; in-betweening (in anime)	
娘	むすめ	daughter; girl	
谷	たに	valley; ravine	
座布団	ざぶとん	cushion	
出張	しゅっちょう	business trip; official tour	
時	とき	time; when...	
泳ぐ	およぐ	swim	
クレジットカード	クレジットカード	credit card	
海	うみ	sea; ocean	
会社	かいしゃ	company; corporation	
やせています	やせています	to be thin	
スーパー	スーパー	super; supermarket	
醤油	しょうゆ	soy sauce	
十億	じゅうおく	billion	
料理	りょうり	cooking; handling	
大変	たいへん	very; hard; awful; serious	
セーター	セーター	sweater; pullover	
五才	ごさい	five years old	
一昨日	おととい, いっさくじつ	the day before yesterday	
命	いのち	life	
授業	じゅぎょう	class; lesson; classwork	
スリッパ	スリッパ	slippers	
八日	ようか	eight days; eighth day of the month	
息子	むすこ	son	
誰か	だれか	someone	
出発	しゅっぱつ	departure	
似る	にる	resemble; be alike	
昨夜	さくや, ゆうべ	last night; last evening	
興味	きょうみ	interest (in something)	
作文	さくぶん	composition; essay	
背が高い	せがたかい	tall	
六才	ろくさい	six years old	
傘	かさ	umbrella; parasol	
太い	ふとい	thick; fat	
どうも	どうも	very; thanks; somehow	
鋭い	するどい	pointed; sharp	
自然	しぜん	nature, spontaneity	
残念	ざんねん	regret; regret; bad luck; disappointment	
上	うえ	up; above; top; on	
灰皿	はいざら	ashtray	
外国人	がいこくじん	foreigner	
～歳	～さい	years old	
電話をかける	でんわをかける	to make a phone call	
から	から	because; from	
自動車学校	じどうしゃがっこう	driving school	
失礼しました	しつれいしました	Excuse me; I am very sorry	
～年生	～ねんせい	... year student	
内	うち	inside	
夕飯	ゆうはん	evening meal; supper	
～匹	～ひき	counter for small animals (cats, insects, etc.)	
いらっしゃい	いらっしゃい	Please come in!; Welcome!	
お祖母さん	おばあさん	grandmother; female senior citizen	
二時間	にじかん	two hours	
中止	ちゅうし	suspension, stoppage, discontinuance, interruption	
得意	とくい	one's forte; pride; customer	
氷山	ひょうざん	iceberg	
上着	うわぎ	coat; jacket	
週末	しゅうまつ	weekend	
離婚	りこん	divorce	
直ぐ	すぐ	at once; soon	
必要	ひつよう	need; necessity	
泊まる	とまる	stay overnight	
落ちる	おちる	to fall; to drop; to fail (e.g. exam)	
氷	こおり	ice	
嫌い	きらい	hate; dislike	
いい子	いいこ	good child	
バス停	バスてい	bus stop	
頭	あたま	head	
一才	いっさい	one-year-old	
彼	かれ	he; one's boyfriend	
数学	すうがく	mathematics	
南	みなみ	south	
だけ	だけ	just; only	
困る	こまる	be at a loss; in a jam; in trouble	
速達	そくたつ	special delivery; express mail	
雰囲気	ふんいき	atmosphere; mood	
事務所	じむしょ	office; one's place of business	
十時	じゅうじ	ten o'clock	
風呂	ふろ	bath	
また明日	またあした	See you tomorrow.	
窓口	まどぐち	teller or ticket window; counter	
埋め合わせ	うめあわせ	compensation	
切手	きって	postage stamp	
下らない	くだらない	good-for-nothing; stupid	
多分	たぶん	probably; perhaps	
時計	とけい	clock; watch	
七分	しちぶん,ななふん	seven minutes	
おじゃまします	おじゃまします	Thank you (for allowing me to come in)	
小包	こづつみ	parcel; package	
また後で	またあとで	see you later	
お金持ち	おかねもち	rich person	
洋服	ようふく	Western clothes	
サッカー	サッカー	soccer; football	
四日	よっか	four days; fourth of the month	
東口	ひがしぐち	east exit/entrance	
病気	びょうき	illness	
そうですか	そうですか	I see; Is that so; Really?	
未だ	まだ,　いまだ	(not) yet; more; still	
要る	いる	need; require	
空	そら	sky; the heavens	
銀色	ぎんいろ	silver (color)	
ディーブイディー	ディーブイディー	DVD	
一つ目の信号を右に曲がる	ひとつめのしんごうをみぎにまがる	turn right at the first traffic light	
何か	なにか	something; some	
気持ち	きもち	feeling; sensation	
津波	つなみ	tsunami; tidal wave	
格好いい	かっこいい	good looking; "cool"	
零	れい	zero	
私も	わたしも	So do I.	
雷	かみなり	thunder; lightning	
廊下	ろうか	hallway; corridor	
箸	はし	chopsticks	
そして	そして	and then	
交番	こうばん	police box	
用事	ようじ	things to do; errand; business	
人形	にんぎょう	doll	
平仮名	ひらがな	hiragana	
成る程	なるほど	I see; really	
姉	あね	older sister	
色	いろ	color	
来ます	きます	to come	
日	ひ	sun; sunlight; day	
～側	～がわ	side	
じゃ	じゃ	ja (hiragana)	
数学者	すうがくしゃ	mathematician	
生徒	せいと	pupil; student	
着く	つく	to arrive at; to reach	
是非	ぜひ	by all means; at any cost	
歯	は	tooth	
寝る	ねる	to sleep; to go to bed	
雑誌	ざっし	magazine; journal	
質問	しつもん	question	
楽しい	たのしい	enjoyable; fun	
守る	まもる	to protect; to observe; to abide (by the rules)	
三才	さんさい	three years old; the three powers: heaven, earth and man	
韓国	かんこく	Korea; South Korea	
暗い	くらい	dark; dreary; shadowy	
十三	じゅうさん	thirteen	
再来週	さらいしゅう	the week after next	
パソコン	パソコン	personal computer	
もしもし	もしもし	Hello? (used on the phone)	
波	なみ	wave; fluctuations	
狭い	せまい	narrow; confined	
太る	ふとる	to grow fat; fatten	
片道	かたみち	one way	
お早うございます	おはようございます	good morning	
メール	メール	e-mail	
誕生日	たんじょうび	birthday	
凄い	すごい	wonderful; great; incredible	
山川さん	やまかわさん	Mr./Mrs Yamakawa	
ご馳走様でした	ごちそうさまでした	said after meals	
お名前は	おなまえは	What's your name?	
無事	ぶじ	safely; peacefully	
掛る	かかる	to take; to hang; to come into view; to arrive; to start (engines, motors)	
ところで	ところで	by the way	
自動車	じどうしゃ	automobile	
人気がある	にんきがある	be popular	
毎晩	まいばん	every evening	
どうぞ	どうぞ	please; ok; Here it is	
田	た	rice field; rice paddy	
昨日	きのう, さくじつ	yesterday	
うん	うん	uh-huh; yes	
見る	みる	to see; to look; to try	
十九	じゅうきゅう,じゅうく	nineteen	
プール	プール	pool	
今度	こんど	this time; next time; one of these days	
飲む	のむ	to drink; take (medicine)	
払う	はらう	pay; brush off; dispose of	
子供	こども	child	
番号	ばんごう	number; series of digits	
来ない	こない	don't/doesn't come	
優しい	やさしい	gentle; kindhearted	
社長	しゃちょう	president (of a company)	
幾ら	いくら	how much	
差す	さす	to pour (drink); to raise (hands, umbrella)	
桜の木	さくらのき	cherry tree	
御休みなさい	おやすみなさい	good night	
先ず	まず	first; first of all	
兆	ちょう	trillion	
走る	はしる	to run	
二十歳	はたち	20 years old	
枝	えだ	branch; twig	
傍	そば	near; beside	
偶に	たまに	occasionally; once in a while	
家族	かぞく	family; household	
来年	らいねん	next year	
茶色	ちゃいろ	light brown	
良かったら	よかったら	if you like	
蒲公英	たんぽぽ	dandelion	
今日は	こんにちは, こんちは	hello; good day (daytime greeting)	
郵便局	ゆうびんきょく	post office	
遅くなる	おそくなる	become late	
少ない	すくない	few; little; scarce	
一	いち	one	
半分	はんぶん	half	
二時	にじ	two o'clock	
十一才	じゅういっさい	eleven years old	
二つ目の角を左に曲がる	ふたつめのかどをひだりにまがる	turn left at the second corner	
水曜日	すいようび	Wednesday	
会社員	かいしゃいん	company employee	
立派	りっぱ	splendid; handsome; elegant; prominent; legitimate	
おばさん	おばさん	aunt	
百五十円になります	ひゃくごじゅうえんになります	It will be 150 yen.	
合う	あう	merge; fit; match; suit; unite	
写真	しゃしん	photograph	
泣く	なく	cry; weep	
丁度	ちょうど	exactly; precisely; just	
テスト	テスト	test; exam	
テニス	テニス	tennis	
一月	ひとつき	one month	
息子さん	むすこさん	son (respectful)	
式場	しきじょう	ceremonial hall; place of ceremony (e.g. marriage)	
お弁当	おべんとう	bento; boxed lunch (honorific)	
大学院生	だいがくいんせい	graduate student	
事実	じじつ	fact; truth	
まあまあ	まあまあ	OK; not bad; so-so	
毎週	まいしゅう	every week	
地下	ちか	basement; underground	
後	あと	after; back; behind; more (minutes, points); the rest	
歩く	あるく	to walk; go on foot	
十四日	じゅうよっか	fourteen days; fourteenth of the month	
人	ひと	person	
八つ	やっつ	eight (things)	
忙しい	いそがしい	busy; occupied	
貸す	かす	to lend; to loan	
捕まえる	つかまえる	to arrest; to catch; to seize	
四万	よんまん	forty thousand	
引く	ひく	to draw; to pull	
答え	こたえ	response; reply; answer; solution	
側	そば	near, close, beside, by the side of	
開ける	あける	to open	
地下鉄	ちかてつ	subway	
煙草	たばこ	tobacco; cigarette	
終電車	しゅうでんしゃ	last train	
瞬間	しゅんかん	instant; moment	
降る	ふる	fall (i.e. rain/snow); come down; precipitate	
弁護士	べんごし	lawyer; attorney	
趣味	しゅみ	hobby; interest	
体	からだ	body; health	
どうですか	どうですか	How about...?; How is...?	
そうですね	そうですね	That's right.	
午前	ごぜん	morning; a.m.	
来週	らいしゅう	next week	
午後	ごご	afternoon; p.m.	
三百	さんびゃく	three hundred	
地震	じしん	earthquake	
演奏	えんそう	musical performance	
手	て	hand	
毎朝	まいあさ	every morning	
金	かね	money; metal	
南口	みなみぐち	south entrance	
私	わたし,わたくし	I; me	
始める	はじめる	to start; to begin; to commence	
どうぞよろしく	どうぞよろしく	pleased to meet you	
左に曲がる	ひだりにまがる	to turn to the left	
お寺	おてら	temple (honorific)	
～ヶ月	～かげつ	counter for months (period of time)	
持っていく	もっていく	take (something) along	
船便	ふなびん	surface mail; shipping service	
箱	はこ	box; case	
家内	かない	(my) wife	
黒板	こくばん	blackboard	
冗談	じょうだん	joke	
ページ	ページ	page	
立つ	たつ	to stand; to rise	
大好き	だいすき	to love; like a lot	
机	つくえ	desk; table	
二人	ふたり	two people	
どっち	どっち	which	
十九分	じゅうきゅうふん	nineteen minutes	
動物園	どうぶつえん	zoo	
恥ずかしい	はずかしい	shy; ashamed; embarassed	
文章	ぶんしょう	sentence; writing; prose	
答える	こたえる	to answer; to reply	
では	では	then; in that case; well then	
～冊	～さつ	counter for books, volumes, etc.	
試す	ためす	to attempt; to test	
泥	どろ	mud	
食堂	しょくどう	dining hall; cafeteria	
デート	デート	date (with a person)	
文法	ぶんぽう	grammar	
ジーンズ	ジーンズ	jeans	
宜しく	よろしく	properly; one's regards	
痛い	いたい	painful	
火	ひ	fire	
病院	びょういん	hospital	
一つ	ひとつ	one (thing)	
着る	きる	to wear (on upper body); put on	
奇麗	きれい	beautiful, pretty, neat	
百円	ひゃくえん	100 yen	
コンサート	コンサート	concert	
草	くさ	grass; weed	
ビデオ	ビデオ	video	
女の子	おんなのこ	girl; daughter	
鳴く	なく	cry; chirp; meow	
並ぶ	ならぶ	line up; be parallel	
井戸	いど	water well	
鍵	かぎ	key; lock	
渡す	わたす	carry across; hand over	
弾く	ひく	play (guitar, piano)	
切符	きっぷ	ticket	
砂	すな	sand; grit	
道の右側	みちのみぎがわ	right side of the street	
其れ	それ	that; that one	
おじさん	おじさん	uncle; mister	
宇宙	うちゅう	universe; space	
洗濯	せんたく	laundering; washing	
合格	ごうかく	passing an examination; eligibility	
人	じん	suffix for nationalities	
男	おとこ	man; male	
～中	～ちゅう	in the center; in the middle	
泉	いずみ	spring; fountain	
台所	だいどころ	kitchen	
所	ところ	place	
過ぎ	すぎ	past; after; too (much)	
知っています	しっています	I know	
初めて	はじめて	for the first time	
髪	かみ	hair; hairstyle	
経済	けいざい	economy; economics	
～方	～かた	how to...; way of...	
ワイシャツ	ワイシャツ	(business) shirt; (white) shirt	
終わる	おわる	to finish; to end; to close	
～語	～ご	language	
暑い	あつい	hot (weather); warm	
二つ	ふたつ	two (things)	
～枚	～まい	counter for flat things (pieces of paper, shirts, coins, etc.)	
植物	しょくぶつ	plant; vegetation	
十二	じゅうに	twelve	
十分	じゅっぷん	ten minutes	
売る	うる	to sell	
黄色	きいろ	yellow	
今	いま	now	
今晩	こんばん	this evening; tonight	
それから	それから	and then	
本当ですか	ほんとうですか	Really?	
長い	ながい	long	
遠い	とおい	far; distant	
有る	ある	exist; possess; there is/are (inanimate objects)	
皆	みんな,みな	all; everybody	
そうして	そうして	and; like that	
家庭	かてい	family; household; home	
グレー	グレー	gray; grey	
笑顔	えがお	smiling face; smile	
作る	つくる	to make; to create	
二週間前	にしゅうかんまえ	two weeks ago	
宿題	しゅくだい	homework	
右	みぎ	right	
牛	うし	cow; cattle	
声	こえ	voice	
兄弟	きょうだい	sibling(s)	
出掛ける	でかける	go out; be about to go out	
学校	がっこう	school	
二百	にひゃく	two hundred	
歌う	うたう	to sing	
新しい	あたらしい	new	
すごく	すごく	extremely	
間	あいだ	space or time (between); gap; interval; distance; span	
ペット	ペット	pet	
娘さん	むすめさん	daughter; young woman	
畑	はたけ	field; vegetable garden	
～週間	～しゅうかん	weeks	
警官	けいかん	police officer; policeman	
アイスクリーム	アイスクリーム	ice cream	
厚い	あつい	thick; bulky	
七時	しちじ	seven o’clock	
皆さん	みなさん	everybody; ladies and gentlemen	
羽	ウ, は, はね	feathers; counter for birds, rabbits	
木の実	きのみ, このみ	nut; fruit; berry	
吹く	ふく	blow; play on a wind instrument	
練習	れんしゅう	practice	
足	あし	leg; foot	
階段	かいだん	steps; flight of stairs	
運転	うんてん	drive	
会話	かいわ	conversation	
辞書	じしょ	dictionary	
今晩は	こんばんは	good evening	
結婚する	けっこんする	to marry	
大事	だいじ	important; serious matter	
一人	ひとり	one; one person	
意味	いみ	meaning; significance	
橋	はし	bridge	
一人で	ひとりで	by oneself; alone	
旅行	りょこう	travel; trip	
十七分	じゅうななふん	seventeen minutes	
お風呂	おふろ	bath	
野菜	やさい	vegetable	
七才	ななさい	seven years old	
花	はな	flower; blossom	
買い物	かいもの	shopping; purchased goods	
御茶	おちゃ	tea	
鳴る	なる	sound; ring; roar	
十二日	じゅうににち	the twelfth (day)	
読む	よむ	to read	
ラジオ	ラジオ	radio	
御免下さい	ごめんください	May I come in?	
緑	みどり	green; foliage	
道の左側	みちのひだりがわ	left side of the street	
石鹸	せっけん	soap	
五時	ごじ	five o'clock	
晴れ	はれ	fine weather; clear sky	
遅く	おそく	(do something) late	
中	じゅう	throughout (a time period); during; all over	
忘れる	わすれる	to forget; to be forgetful of	
牛乳	ぎゅうにゅう	(cow) milk	
道を渡る	みちをわたる	cross the street	
話す	はなす	to speak	
男の人	おとこのひと	man	
お姉さん	おねえさん	older sister (honorific)	
向こう	むこう	the other side; the other party; opponent	
住む	すむ	to live; reside	
飛ぶ	とぶ	fly; leap; jump	
もう少し	もうすこし	a little more	
ピンク	ピンク	pink	
一時間	いちじかん	one hour	
十七	じゅうなな,じゅうしち	seventeen	
為る	する	do; make; wear small items	
乗る	のる	to ride; board	
～屋	～や	...shop	
怖い	こわい	scary, frightening, eerie, dreadful	
グリーン	グリーン	green	
車	くるま	car	
図書館	としょかん	library	
赤	あか	red; crimson	
十五分	じゅうごふん	fifteen minutes	
一分	いっぷん	one minute	
居る	いる	be; exist (person); stays at...	
此方	こちら	here; this way; this person	
銀行	ぎんこう	bank	
夏休み	なつやすみ	summer vacation	
外国	がいこく	foreign country	
男の子	おとこのこ	boy; baby boy	
ずつ	ずつ	each; once per	
アルバイト	アルバイト	casual job; student job; part-time job	
入れる	いれる	to put in; to insert	
面白い	おもしろい	interesting; amusing	
恥ずかしがり屋	はずかしがりや	shy person	
戸	と	door (esp. Japanese-style)	
後で	あとで	afterwards	
背が低い	せがひくい	short (person)	
幾つ	いくつ	how many; how old	
背中	せなか	back (of body)	
名前	なまえ	name	
～台	～だい	counter for cars and machines	
然し	しかし	however; but	
暇	ひま	free time; spare time; time off	
風が吹く	かぜがふく	wind blows	
気分	きぶん	feeling; mood	
本棚	ほんだな	bookshelf	
すぐに	すぐに	instantly; immediately	
牛肉	ぎゅうにく	beef	
曲がる	まがる	to bend; to turn; to curve	
何	なに,なん	what; which; how many	
木曜日	もくようび	Thursday	
丘	おか	hill; slope	
鉛筆	えんぴつ	pencil	
シルバー	シルバー	silver	
御父さん	おとうさん	father (honorific)	
掛ける	かける	to hang; to expend (time, money)	
願う	ねがう	wish; ask a favor; apply for	
沢山	たくさん	a lot; plenty	
喫茶店	きっさてん	café; coffee shop;  tearoom	
十一分	じゅういっぷん	eleven minutes	
専門	せんもん	specialty; subject of study	
十二分	じゅうにふん	twelve minutes	
昼御飯	ひるごはん	lunch	
ではまた	ではまた	see you later (used in casual correspondence and conversation); goodbye; sincerely	
太っています	ふとっています	is fat	
医者	いしゃ	doctor	
十六日	じゅうろくにち	the sixteenth (day)	
大きい	おおきい	big	
専門家	せんもんか	specialist; expert	
お日様	おひさま	sun (polite)	
無い	ない	to not be	
ではお元気で	ではおげんきで	take care; be well; farewell	
後ろ	うしろ	back; behind	
十八分	じゅうはっぷん,じゅうはちふん	eighteen minutes	
コピーする	コピーする	to copy; to photocopy	
たばこを吸う	たばこをすう	smoke (cigarettes)	
お父さん	おとうさん	father (honorific)	
歌詞	かし	song lyrics	
ハンカチ	ハンカチ	handkerchief	
学	がく	learning; studies; science	
電気	でんき	electricity; electric light	
山	やま	mountain	
御兄さん	おにいさん	older brother	
赤い	あかい	red	
今朝	けさ	this morning	
東	ひがし	east	
多い	おおい	many; numerous	
同じ	おなじ	same; identical	
店	みせ	shop; store	
～階	～かい	floor (of a building)	
口	くち	mouth; opening	
ゆっくり	ゆっくり	slowly	
生まれる	うまれる	to be born	
どうもありがとうございました	どうもありがとうございました	Thank you (very much)	
会う	あう	to meet	
四	よん,し	four	
八万	はちまん, やよろず	eighty thousand; many	
靴	くつ	shoes; boots	
ちょっと	ちょっと	just a moment; just a little; it's a bit (difficult)	
見せる	みせる	to show; to display	
白	しろ	white	
何時	なんじ	what time?	
よろしくお願いします	よろしくおねがいします	I look forward to working with you; Thank you in advance; Please treat me well	
番	ばん	one's turn; watch; number ... (in a series)	
～度	～ど	degrees; times	
七百	ななひゃく, しちひゃく	seven hundred	
文学	ぶんがく	literature	
服	ふく	clothes	
十七日	じゅうしちにち	the seventeenth (day)	
ゆっくりと	ゆっくりと	slowly; at ease	
コンピューター	コンピューター	computer	
左	ひだり	left	
酒	さけ	sake; alcoholic drink	
ラジカセ	ラジカセ	tape recorder with a radio	
御願いします	おねがいします	please	
出る	でる	exit; leave; go out	
大学生	だいがくせい	university student	
行く	いく, ゆく	to go	
飲み物	のみもの	drink; beverage	
二十一日	にじゅういちにち	the twenty-first (day)	
こんな～	こんな～	...like this; this kind of...	
聞いて下さい	きいてください	Please listen.	
茶	ちゃ	tea; light brown	
円い	まるい	round; spherical; harmonious	
青	あお	blue; green; green light; youth	
少し	すこし	a bit; small quantity	
広い	ひろい	wide; spacious	
映画館	えいがかん	movie theater; cinema	
豚カツ	とんカツ	pork cutlet	
結構です	けっこうです	That would be fine.; That wouldn't be necessary.	
片仮名	かたかな	katakana	
交差点	こうさてん	crossing; intersection	
女の人	おんなのひと	woman	
呼ぶ	よぶ	call; name; invite	
吸う	すう	inhale; suck	
覚える	おぼえる	memorize; remember; learn	
何故	なぜ	why; for what reason	
二十七日	にじゅうしちにち	the twenty-seventh (day)	
本屋	ほんや	bookstore; bookshop	
咲く	さく	to bloom	
日本人	にほんじん	Japanese person	
一緒に	いっしょに	together	
月曜日	げつようび	Monday	
何時も	いつも	always	
十三分	じゅうさんぷん	thirteen minutes	
隣	となり	next to; neighboring house	
背広	せびろ	business suit	
大切	たいせつ	important; valuable	
兄	あに	older brother	
庭	にわ	garden; court	
起きる	おきる	get up; get out of bed; occur (event)	
ポケット	ポケット	pocket	
近く	ちかく	near; close to; shortly; soon	
朝飯	あさめし, あさはん	breakfast	
時々	ときどき	sometimes	
どうして	どうして	why	
ええ	ええ	yes; that is correct; well	
十一時	じゅういちじ	eleven o'clock	
頭がいい	あたまがいい	smart; clever	
ありがとうございました	ありがとうございました	Thank you very much (said after something is done)	
使う	つかう	to use	
上げる	あげる	to raise; to give; to do for; to elevate	
河	かわ	river; stream	
隹	ふるとり	kanji "old bird" radical	
耳	みみ	ear	
三時半	さんじはん	3:30	
書く	かく	write	
自分	じぶん	self; oneself	
六分	ろっぷん	six minutes	
木の葉	このは	tree leaves	
～時間	～じかん	... hours	
冷たい	つめたい	cold (thing); unkind (person)	
～年	～ねん	years (grade in school; duration; specific year)	
ご免なさい	ごめんなさい	I am sorry	
八才	はっさい	eight years old	
彼女	かのじょ	she; one's girlfriend	
ネクタイ	ネクタイ	tie; necktie	
黒	くろ	black	
パーティー	パーティー	party	
思い出す	おもいだす	to recall; to recollect	
御母さん	おかあさん	mother	
そう	そう	in such manner; that way	
持つ	もつ	to hold; to possess	
文	ぶん	sentence; text	
中国	ちゅうごく	China	
言葉	ことば	word; language	
あそこ	あそこ	over there	
九日	ここのか	nine days; ninth of the month	
キロメートル	キロメートル	kilometer	
テーブル	テーブル	table	
毎日	まいにち	every day	
話	はなし	talk; conversation; story	
上手	じょうず	good at; skilled	
達	たち	plural marker for some words	
いいえどういたしまして	いいえどういたしまして	You are welcome; Don't mention it	
出口	でぐち	exit; exit ramp	
さあ	さあ	now then; well; oh	
大人	おとな	adult	
キログラム	キログラム	kilogram	
紙	かみ	paper	
かっこいい	かっこいい	cool; great-looking	
其処	そこ	there	
習う	ならう	to learn; practice	
知りません	しりません	I do not know	
おねがいします	おねがいします	please	
休む	やすむ	to take a day off; take a break; to be absent	
出す	だす	to take out; to get out; to send (e.g. letter); to hand in	
油	あぶら	oil	
切る	きる	to cut	
御～	お～,ご～	honorable; honorific	
どちら	どちら	which (between two); which way	
大嫌い	だいきらい	hate	
止まる	とまる	to stop; to come to a halt	
電話	でんわ	telephone; phone call	
ゆっくり言って下さい	ゆっくりいってください	Please say it slowly	
鳥	とり	bird	
木	き	tree; wood	
遊ぶ	あそぶ	to play	
下	した	under; below	
テープレコーダー	テープレコーダー	tape recorder; cassette recorder	
島	しま	island; isle	
曇り	くもり	cloudiness; cloudy weather	
初め	はじめ	beginning	
～時	～とき	when...	
スウェーデン	スウェーデン	Sweden	
お茶	おちゃ	tea	
背	せい	height; stature	
父	ちち	father	
二十九日	にじゅうくにち	the twenty-ninth (day)	
二か月前	にかげつまえ	two months ago	
もう	もう	already; anymore; other; more	
カラオケ	カラオケ	karaoke	
毎年	まいとし, まいねん	every year	
カレンダー	カレンダー	calendar	
金曜日	きんようび	Friday	
来	らい	next (year, etc.); since (last month, etc.)	
アメリカ	アメリカ	America; the US	
目	め	eye	
顔	かお	face	
科学	かがく	science	
スプーン	スプーン	spoon	
地震学	じしんがく	seismology	
八百	はっぴゃく	eight hundred	
新聞	しんぶん	newspaper	
古い	ふるい	old	
七十	ななじゅう	seventy	
七	なな,しち	seven	
来月	らいげつ	next month	
好き	すき	liking; fondness; love	
百万	ひゃくまん	one million	
魚	さかな,うお	fish	
おやすみなさい	おやすみなさい	Good night.	
学生	がくせい	student	
山田さん	やまださん	Mr./Mrs. Yamada	
お母さん	おかあさん	mother (honorific)	
法	ほう	law; rule	
サークル	サークル	circle; circle (group of like-minded people)	
十三日	じゅうさんにち	the thirteenth (day)	
こっち	こっち	here	
一番	いちばん	most; best	
七万	ななまん	seventy thousand	
お兄さん	おにいさん	older brother (honorific)	
九つ	ここのつ	nine (things)	
九百	きゅうひゃく	nine hundred	
タクシー	タクシー	taxi; cab	
七千	ななせん	seven thousand	
今週	こんしゅう	this week	
十一	じゅういち	eleven	
気	き	spirit; temperament	
付ける	つける	to attach; set; apply; switch on; write (a diary)	
中	なか	inside; middle; center; among	
日本	にほん, にっぽん	Japan	
国	くに	country	
先週	せんしゅう	last week	
お風呂に入る	おふろにはいる	take a bath	
さよなら	さよなら	good-bye; so long	
ビジネス	ビジネス	business	
良い	いい, よい	good	
曜	ヨウ	day of the week	
火曜日	かようび	Tuesday	
分	ぶん	amount; part; share	
六月	ろくがつ	June	
厭	いや	unfavorable; unpleasant; hateful	
あちら	あちら	over that way	
ピザ	ピザ	pizza	
歌	うた	song	
その	その	that (thing)	
六時	ろくじ	six o'clock	
黒い	くろい	black	
年	とし	year; age	
肉	にく	flesh; meat	
フィルム	フィルム	film	
何処	どこ	where	
明日	あした, あす, みょうにち	tomorrow	
死ぬ	しぬ	to die	
スカート	スカート	skirt	
四百	よんひゃく	four hundred	
ピアノ	ピアノ	piano	
よく	よく	often	
マッチ	マッチ	match; matchbox	
スキー	スキー	ski; skiing	
ください	ください	please give me ...; please ... (suffix)	
御飯	ごはん	cooked rice; meal	
行ってらっしゃい	いってらっしゃい	have a good day; take care; see you	
お酒	おさけ	sake; alcohol	
四月	しがつ	April	
大き	おおき	big; large	
八	はち	eight	
朝	あさ	morning	
ホテル	ホテル	hotel	
クラス	クラス	class	
バター	バター	butter	
高校生	こうこうせい	high school student	
十ページをみてください	じゅうページをみてください	Please look at page 10.	
二千	にせん	two thousand	
下さい	ください	please; give me...	
でも	でも	but; however	
さようなら	さようなら	Good-bye	
外	そと	outside; exterior	
三時	さんじ	three o'clock	
ちょっと待って下さい	ちょっとまってください	Please wait a moment	
八時	はちじ	eight o'clock	
余り	あまり	not very (with negative); remainder; leftover; too much (with positive)	
ニュース	ニュース	news	
九十	きゅうじゅう	ninety	
二十	にじゅう	20	
ゼロ	ゼロ	zero	
カーテン	カーテン	curtain	
分かりましたか	わかりましたか	Do you understand (it)?	
この	この	this (thing)	
バーベキュー	バーベキュー	barbecue	
もっと	もっと	more	
言う	いう	to say	
二時半	にじはん	two thirty (in the morning/afternoon)	
ゲーム	ゲーム	game	
何人	なんにん	how many people?	
はじめまして	はじめまして	Nice to meet you. (How do you do?) Literal translation : "this is the first time".	
九才	きゅうさい	nine years old	
レコード	レコード	record	
入る	はいる	to enter	
五つ	いつつ	five (things)	
英語	えいご	English language	
五十	ごじゅう	fifty	
四時	よじ	four o’clock	
大学	だいがく	university; college	
三日	みっか	three days; third of the month	
八十	はちじゅう	eighty	
今日	きょう	today	
コート	コート	coat; jacket; (tennis) court	
六千	ろくせん	six thousand	
スポーツ	スポーツ	sport	
レストラン	レストラン	restaurant	
トマト	トマト	tomato	
土曜日	どようび	Saturday	
川	かわ	river; stream	
一時	いちじ	one o'clock	
強い	つよい	strong	
十九日	じゅうくにち	the nineteenth (day)	
こんにちは	こんにちは	Good afternoon.; Hello.	
わかりました	わかりました	I understand.	
この人	このひと	this person	
ストーブ	ストーブ	heater (derived from the word "stove")	
シャワー	シャワー	shower	
元気	げんき	healthy; energetic	
食べる	たべる	to eat	
七つ	ななつ	seven (things)	
六十	ろくじゅう	sixty	
三万	さんまん	thirty thousand	
帰る	かえる	return (home); go back	
十六分	じゅうろっぷん	sixteen minutes	
六つ	むっつ	six (things)	
カップ	カップ	cup	
ズボン	ズボン	trousers; pants	
六万	ろくまん	sixty thousand	
シャツ	シャツ	shirt	
～回	～かい	~times (counter)	
九万	きゅうまん	ninety thousand	
十四	じゅうし,じゅうよん	fourteen	
電車	でんしゃ	(electric) train	
ホームステイ	ホームステイ	homestay	
三十分	さんじゅっぷん,さんじっぷん	thirty minutes	
コップ	コップ	cup; glass	
出来る	できる	can do; be good at	
風	かぜ	wind	
思う	おもう	to think	
十二月	じゅうにがつ	December	
六百	ろっぴゃく	six hundred	
～本	～ほん	counter for long, thin objects (bottles, pencils, films, etc.)	
トイレ	トイレ	toilet	
～日	～にち	days (duration); specific day	
二万	にまん	twenty thousand	
日本語	にほんご	Japanese language	
三つ	みっつ	three (things)	
八月	はちがつ	August	
コンビニ	コンビニ	convenience store	
五万	ごまん	fifty thousand	
九千	きゅうせん	nine thousand	
何も	なにも	nothing (with neg. verb)	
語	ご	language (suffix); word; term	
先生	せんせい	teacher; term of address for teacher, doctor, lawyer, writer etc.	
あれ	あれ	that (distant from speaker and listener)	
食べ物	たべもの	food	
十月	じゅうがつ	October	
米	こめ	rice	
どれ	どれ	what; which	
二月	にがつ	February	
何時	いつ	when	
五月	ごがつ	May	
これ、お願いします	これ、おねがいします	Can you take care of this, please?	
こんばんは	こんばんは	Good evening.; Hello.	
三月	さんがつ	March	
一日	いちにち	one day	
十一月	じゅういちがつ	November	
色々	いろいろ	various	
カメラ	カメラ	camera	
すみません	すみません	Excuse me.	
カレー	カレー	curry	
雲	くも	cloud	
ペン	ペン	pen	
ベッド	ベッド	bed	
一年生	いちねんせい	freshman; first-year student	
曇る	くもる	become cloudy	
本	ほん	book; volume; counter for long things	
火山	かざん	volcano	
どう	どう	how; in what way; how about	
～月	～がつ	suffix for months	
三十	さんじゅう	thirty	
デパート	デパート	department store; department	
どんな	どんな	what kind of ...	
はい	はい	yes; okay	
十八日	じゅうはちにち	the eighteenth (day)	
前	まえ	front; before	
白い	しろい	white	
パン	パン	bread	
四十	よんじゅう	forty	
サーフィン	サーフィン	surfing	
良く	よく	well; often	
此れ	これ	this	
ボタン	ボタン	button	
おはようございます	おはようございます	Good morning.; Hello.	
二十二日	にじゅうににち	the twenty-second (day)	
グラム	グラム	gram	
バス	バス	bus	
九月	くがつ	September	
三十日	さんじゅうにち	the thirtieth (day)	
アパート	アパート	apartment; flat; apartment house	
フォーク	フォーク	fork	
七月	しちがつ	July	
日曜日	にちようび	Sunday	
三十一日	さんじゅういちにち	the thirty-first (day)	
二十八日	にじゅうはちにち	the twenty-eighth (day)	
二十三日	にじゅうさんにち	the twenty-third (day)	
～分	～ふん	minutes	
十五日	じゅうごにち	the fifteenth (day)	
五分	ごふん	five minutes	
三千	さんぜん	three thousand	
～人	～にん	counter for people	
もう一度言って下さい	もういちどいってください	Please say it again.	
万	まん	ten thousand	
とても	とても	very	
わかりません	わかりません	(I) don't understand	
ああ	ああ	oh; that kind of...	
そうです	そうです	That's right.	
二十六日	にじゅうろくにち	the twenty-sixth (day)	
天	てん	sky; Heaven	
一万	いちまん	ten thousand	
人々	ひとびと	people	
～円	～えん	yen	
イギリス	イギリス	Britain	
二十五日	にじゅうごにち	the twenty-fifth (day)	
どの	どの	which (thing)	
あの	あの	that (thing) over there; um…	
テレビ	テレビ	television	
オーストラリア	オーストラリア	Australia	
ナイフ	ナイフ	knife	
四つ	よっつ	four (things)	
五	ご	five	
ありがとう	ありがとう	thank you	
いいえ	いいえ	no	
千	せん, ち	thousand	
ポスト	ポスト	mail box; post box	
六	ろく	six	
さん	さん	Mr./Ms....	
～キロ	～キロ	kilo (kilogram or kilometer)	
おはよう	おはよう	Good morning. (informal)	
二	に	two	
