夫婦	ふうふ	husband and wife; married couple	
小説	しょうせつ	novel; story	
割る	わる	to divide; to cut; to break; to halve; to separate; to split	
手術する	しゅじゅつする	to have an operation	
風貌	ふうぼう	looks; appearance	
本人	ほんにん	the person himself; the said person	
咲く	さく	to bloom	
斜視	しゃし	squint; strabismus	
遊ぶ	あそぶ	to play	
それ故に	それゆえに	and so ...; consequently; wherefore; thus	
更に	さらに	furthermore; still more	
盛大	せいだい	grand; prosperous; magnificent	
汲む	くむ	collect; scoop up	
合う	あう	merge; fit; match; suit; unite	
丸	まる	circle or sphere; wholeness	
話	はなし	talk; conversation; story	
音楽	おんがく	music	
御母さん	おかあさん	mother	
たばこを吸う	たばこをすう	smoke (cigarettes)	
かまいません	かまいません	no problem; I don't mind	
家族	かぞく	family; members of a family; household	
お米	おこめ	rice	
運転	うんてん	drive	
百万	ひゃくまん	one million	
明日	あした, あす, みょうにち	tomorrow	
溜める	ためる	store; collect	
勉強になりました	べんきょうになりました	I learned a lot (thank you)	
な	な	na (hiragana)	
こんな風	こんなふう	(in) this way	
火	ひ	fire	
石鹸	せっけん	soap	
のんびり	のんびり	carefree; at leisure	
速達	そくたつ	special delivery; express mail	
洋服	ようふく	Western clothes	
遣る	やる	do (informal); give; send; run (a store); perform	
虎	とら	tiger (Panthera tigris); drunkard	
恐らく	おそらく	perhaps; likely; probably; I dare say	
尋ねる	たずねる	to inquire; to search for	
人形	にんぎょう	doll	
復習	ふくしゅう	review; revision	
見落とす	みおとす	miss; fail to notice	
と	と	to (hiragana)	
喧嘩	けんか	fight; quarrel; brawl	
点く	つく	to be lit (e.g. electricity comes on); to catch fire	
辛い	からい	spicy; salty; bitter; strict	
予習	よしゅう	preparation; previewing (a lesson)	
盗む	ぬすむ	steal; rob	
吐く	はく	to spit; to vomit; to belch; to confess; to tell (lies)	
必ず	かならず	without exception; necessarily; certainly	
海苔	のり	laver (edible seaweed)	
幸せ	しあわせ	happiness; good fortune	
積もり	つもり	intention; purpose	
も	も	mo (hiragana)	
得意	とくい	triumph; prosperity; pride; one's strong point	
検出	けんしゅつ	detection; sense (e.g. sensor)	
事故	じこ	accident; incident	
拙い	つたない, まずい	poor-quality; shoddy; crude; unskillful; inexpert; maladroit; inept; foolish	
年齢層	ねんれいそう	age group; age bracket	
褒め言葉	ほめことば	words of praise; eulogy	
概念	がいねん	general idea; concept	
年齢	ねんれい	age; years	
醸し出す	かもしだす	to engender; to bring about	
補足	ほそく	supplement; complement	
驚く	おどろく	be surprised; be startled	
お互い	おたがい	mutual; one another	
門	もん	gate	
調子	ちょうし	tone; condition	
意外	いがい	unexpected; unforeseen	
磨く	みがく	to polish; to shine; to brush (e.g. teeth)	
女の子	おんなのこ	girl; daughter	
汚い	きたない	dirty	
ペラペラ	ペラペラ	fluently	
相手	あいて	partner; other person; opponent (game)	
結構	けっこう	wonderful; quite; good enough	
弁護士	べんごし	lawyer; attorney	
中身	なかみ	content; interior	
餡子	あんこ	red bean paste; red bean jam; anko; filling (e.g. of a manjuu)	
番線	ばんせん	track number	
寒い	さむい	cold (air, weather)	
世話をする	せわをする	take care of someone	
考察	こうさつ	consideration; inquiry; enquiry	
入れ替え	いれかえ	replacement; substitution; change	
乗り換え	のりかえ	change; transfer	
下手	へた	not good at	
不躾	ぶしつけ	ill-breeding; impoliteness; bad manners	
係の者	かかりのもの	person in charge	
改札	かいさつ	ticket gate	
挨拶	あいさつ	greet; greeting	
母語	ぼご	mother tongue; native language	
に対して	にたいして	towards; against; regarding; in contrast with	
に	に	ni (hiragana)	
直面	ちょくめん	confrontation; to face; to confront; to encounter	
実感	じっかん	true sense; realization	
きちんと	きちんと	properly; neatly	
入院する	にゅういんする	to be hospitalized	
書き写す	かきうつす	to transcribe	
吃驚	びっくり, きっきょう	to be surprised; to be amazed; to be frightened; to be astonished; surprise	
悩み	なやみ	troubles; worries	
内面	ないめん	inside; interior	
泥棒	どろぼう	thief; crook	
深さ	ふかさ	depth; profundity	
奥深い	おくふかい, おくぶかい	profound; deep	
喜ぶ	よろこぶ	be happy; be delighted	
思い出	おもいで	memory; recollections	
数学者	すうがくしゃ	mathematician	
問題	もんだい	problem; question	
値	あたい	value; worth	
黒い	くろい	black	
空	そら	sky; the heavens	
先週	せんしゅう	last week	
ホワイトデー	ホワイトデー	White Day	
散歩	さんぽ	walk; stroll	
宇宙人	うちゅうじん	alien; extraterrestrial	
テーブル	テーブル	table	
ジュース	ジュース	juice; soft drink	
予約	よやく	reservation; appointment	
箱	はこ	box; case	
履歴書	りれきしょ	personal history; resume	
洗う	あらう	to wash	
中学生	ちゅうがくせい	junior high school student	
幼稚園	ようちえん	kindergarten	
弾く	ひく	play (guitar, piano)	
出席	しゅっせき	attendance; presence	
慣れる	なれる	"to get used to; to grow accustomed to; to become familiar with;
to become skilled in"	
寂しい	さびしい,さみしい	lonely; desolate; sad	
括弧	かっこ	parentheses; brackets	
表情	ひょうじょう	facial expression	
別れる	わかれる	to be divided; to separate;	
不愉快	ふゆかい	unpleasant; disagreeable	
支店	してん	branch (of a business, etc.)	
要は	ようは	in a word; in short	
期末試験	きまつしけん	final exam	
文書	ぶんしょ, もんじょ	document; writing; letter; paperwork; note; records; archives	
殴る	なぐる	to strike; to hit	
広告	こうこく	public notice; advertisement	
儘	まま, まんま	as it is; as one likes; because; as; condition; state	
代わり	かわり	substitution	
顔写真	かおじゃしん	photographic portrait	
鮫	さめ	shark	
出社	しゅっしゃ	going to work (e.g. in the morning); coming to work	
思考	しこう	thought; consideration; thinking	
心象	しんしょう	impression	
本州	ほんしゅう	Honshu (island)	
錠剤	じょうざい	pill; lozenge; tablet	
味わい	あじわい	flavour; flavor; meaning; significance	
訂正	ていせい	correction; amendment	
お世辞	おせじ	compliment; flattery	
都合が悪い	つごうがわるい	inconvenient	
が	が	ga (hiragana)	
轢く	ひく	to run over	
劇場	げきじょう	theater	
朝御飯	あさごはん	breakfast	
六才	ろくさい	six years old	
空ける	あける	empty; clear out	
触る	さわる	touch; feel	
冬休み	ふゆやすみ	winter vacation	
曲がる	まがる	to bend; to turn; to curve	
背が高い	せがたかい	tall	
活用	かつよう	utilization; conjugation	
お願い	おねがい	please; favor	
小野	おの	Ono (family name)	
生える	はえる	grow; spring up	
札幌	さっぽろ	Sapporo (city)	
理由	りゆう	reason; pretext; motive	
単語表	たんごひょう	vocabulary word list	
急	きゅう	urgent; dire; pressing	
往復切符	おうふくきっぷ	round-trip ticket; return ticket	
浮かぶ	うかぶ	float	
か	か	ka (hiragana)	
場所	ばしょ	place; space	
合格	ごうかく	passing an examination; eligibility	
辞書形	じしょけい	dictionary form	
微妙	びみょう	subtle; delicate	
御神籤	おみくじ	written oracle	
失礼	しつれい	discourtesy; impoliteness; to be rude; to leave; Excuse me; Goodbye	
何度も	なんども	many times	
甘える	あまえる	depend on; take advantage of	
耳鼻科	じびか	otolaryngology; ENT	
眼鏡	めがね	glasses; judgment	
口語	こうご	spoken language; literary style based on (modern) spoken language	
完全	かんぜん	perfect; complete	
学習	がくしゅう	study; learning; learn	
ぐだぐだ	ぐだぐだ	exhausted; tired; withered; worn out; boiling until shapeless or mushy; wordily	
削る	けずる	grind down; trim; scale back	
豆腐	とうふ	tofu	
具合	ぐあい	condition; health	
想像	そうぞう	imagination	
にじみ出る	にじみでる	to exude; to ooze; to seep out	
後で	あとで	afterwards	
奇麗	きれい	beautiful, pretty, neat	
一生懸命	いっしょうけんめい	with all one's might; with utmost effort; very hard	
初心者	しょしんしゃ	beginner	
高校生	こうこうせい	high school student	
川口市	かわぐちし	Kawaguchi (city)	
掏る	する	pick someone's pocket	
到着	とうちゃく	arrival	
呼ぶ	よぶ	call; name; invite	
急ぐ	いそぐ	to hurry; hasten	
側	そば	near, close, beside, by the side of	
着く	つく	to arrive at; to reach	
～度	～ど	degrees; times	
壊す	こわす	to break; to destroy; to smash	
優しい	やさしい	gentle; kindhearted	
捕まえる	つかまえる	to arrest; to catch; to seize	
そっち	そっち	that place/way/person there (informal)	
空手	からて	karate; empty hand	
二日酔い	ふつかよい	hangover	
お握り	おにぎり	rice ball (often triangular, sometimes with a filling and wrapped in nori)	
隣	となり	next to; neighboring house	
ばつ	ばつ	circumstances or condition, esp. compared to that of another; x-mark (in a test)	
遠慮	えんりょ	reserve; hesitation; forethought	
携帯	けいたい	cell phone; portable; carry	
家具	かぐ	furniture	
認める	みとめる	to recognize; to observe; to notice; to admit	
鉄拳	てっけん	fist	
必ずしも	かならずしも	(not) always; (not) necessarily	
検札	けんさつ	ticket check	
謙譲語	けんじょうご	humble language (e.g. itadaku)	
購入	こうにゅう	purchase	
投稿	とうこう	contribution; submission; posting (e.g. to an article, newsgroup or mailing list)	
出発時間	しゅっぱつじかん	starting (departure) time	
雷	かみなり	thunder; lightning	
梅雨	つゆ,ばいう	rainy season	
純	じゅん	pure; innocent; chaste	
信じる	しんじる	believe; trust; have faith in	
迎えに行く	むかえにいく	go to pick someone up	
黒木	くろき	Kuroki (family name)	
東京駅	とうきょうえき	Tokyo station	
就職	しゅうしょく	finding employment	
流す	ながす	to let flow; to set adrift	
蝿	はえ	fly	
観光	かんこう	sightseeing	
規則	きそく	rules; regulations	
教壇	きょうだん	platform	
件	けん	"matter; case; item; affair; subject;
counter for cases, matters, etc."	
塗り薬	ぬりぐすり	liniment; ointment; salve	
大体	だいたい	generally; mostly; nearly; approximately	
渋い	しぶい	bitter; astringent	
略す	りゃくす	abbreviate; omit	
言い換える	いいかえる	express in different words; paraphrase	
着替える	きがえる	to change one's clothes	
怖い	こわい	scary, frightening, eerie, dreadful	
退院	たいいん	discharge from a hospital	
間	ま	duration of time; period; pause; room	
能力	のうりょく	ability; capacity	
する価値があります	するかちがあります	worth doing	
新鮮	しんせん	fresh	
失敗	しっぱい	failure; mistake	
北海道	ほっかいどう	Hokkaido prefecture (of the 道 kind) and northernmost of the main islands in Japan	
薬局	やっきょく	drugstore; pharmacy	
優勝	ゆうしょう	victory; championship	
存在	そんざい	existence; being	
屹度	きっと	surely, certainly; sternly	
返信	へんしん	reply	
一号車	いちごうしゃ	car number one	
傍	そば	near; beside	
間違い	まちがい	mistake; error	
丁寧	ていねい	polite; courteous; careful	
歩道橋	ほどうきょう	pedestrian bridge	
丼	どんぶり	bowl of rice with food on top	
仲がいい	なかがいい	be on good terms; get along well	
準備	じゅんび	preparation; setup; arrangements	
記念日	きねんび	holiday; anniversary	
殆ど	ほとんど	mostly; nearly; practically; almost	
可能	かのう	possible; potential	
経験	けいけん	experience	
打つ	うつ	to hit; to strike	
天麩羅	てんぷら	tempura; Japanese deep-fried breaded food	
登録	とうろく	registration	
完璧	かんぺき	perfection; perfect	
尊敬語	そんけいご	honorific language	
国際関係	こくさいかんけい	international relations	
物言い	ものいい	manner of speaking; verbal argument; objection; rumor; rumour	
価値	かち	value; merit	
視察	しさつ	inspection; observation	
貯金	ちょきん	savings; deposit	
一まず	ひとまず	first of all	
写す	うつす	to copy; to reproduce; to transcribe; to describe	
踊る	おどる	dance	
どんな	どんな	what kind of ...	
駱駝	らくだ	camel	
死ぬ	しぬ	to die	
絵	え	picture; painting; drawing	
誰か	だれか	someone	
鷹	たか	falcon; hawk	
長い	ながい	long	
十三分	じゅうさんぷん	thirteen minutes	
夢	ゆめ	dream	
教室	きょうしつ	classroom	
実際	じっさい	practicality; practical; reality	
漫画	まんが	manga; comics	
払う	はらう	to pay; to brush off; to dispose of	
骨折	こっせつ	fracture; broken bone	
理想	りそう	ideal	
親戚	しんせき	a relative	
素麺	そうめん	fine white noodles	
億	おく	hundred million	
限る	かぎる	to restrict; to limit; to confine	
通	つう	connoisseur; authority; counter for letters, notes, documents, etc.	
景色	けしき	scenery; landscape	
品物	しなもの	goods; article; thing	
一人暮らし	ひとりぐらし	living alone	
入力	にゅうりょく	input; (data) entry	
翻訳	ほんやく	translation	
塾	じゅく	coaching school; cramming school; juku	
山葵	わさび	wasabi; Japanese horseradish	
舐める	なめる	lick; lap	
我慢	がまん	patience; self-restraint	
力	ちから	strength; power	
留守	るす	not at home	
沖縄	おきなわ	Okinawa (island)	
予報	よほう	forecast; prediction	
調べる	しらべる	investigate; check	
整形外科	せいけいげか	orthopedics; reconstructive surgery	
痴漢	ちかん	molester; pervert	
除く	のぞく	to rid of; to exclude	
消化する	しょうかする	digest	
記録	きろく	record; documentation	
煙草	たばこ	tobacco; cigarette	
処分	しょぶん	disposal; dealing (with a problem); punishment; putting down (e.g. animal)	
猪	いのしし	wild boar; hog	
情報	じょうほう	information	
酷い	ひどい	cruel; severe	
取り急ぎ	とりいそぎ	in haste	
可哀相	かわいそう	poor; pitiable	
誠に	まことに	indeed; truly; very	
良い	いい, よい	good	
感じる	かんじる	to feel; to sense; to experience	
鶏肉	とりにく	chicken meat	
知る	しる	to be aware of; to know; to be conscious of	
肩	かた	shoulder	
消費者	しょうひしゃ	consumer	
夕方	ゆうがた	evening; dusk	
温い	ぬるい	tepid; lukewarm	
ちょっと待って下さい	ちょっとまってください	Please wait a moment	
廊下	ろうか	hallway; corridor	
見ているだけです	みているだけです	Just looking	
で	で	de (hiragana)	
だ	だ	da (hiragana)	
先ず	まず	first; first of all	
飛び出す	とびだす	to jump out; to fly out; to dash out	
時計	とけい	clock; watch	
若い	わかい	"young; youthful
immature; green
low (number); small"	
禿げる	はげる	to lose hair	
落とす	おとす	to drop; to lose; to remove	
牛丼	ぎゅうどん	bowl of rice topped with beef	
賑やか	にぎやか	lively; exciting	
けち	けち	stingy; miser	
元気でね	げんきでね	Take care of yourself.	
写真	しゃしん	photograph	
働く	はたらく	to work	
ごきぶり	ごきぶり	cockroach	
参加	さんか	participation	
安全	あんぜん	safety; security	
蝉	せみ	cicada; locust	
捕まる	つかまる	be caught; be arrested	
入れ換える	いれかえる	to replace; to substitute; to shift; to change places	
警備員	けいびいん	guard	
詐欺	さぎ	swindle; con game	
本名	ほんみょう	one's real name	
当たり	あたり	hit; success	
成績	せいせき	results; record; grades	
直訳	ちょくやく	literal translation; direct translation	
選挙	せんきょ	election	
登場人物	とうじょうじんぶつ	characters in a play or novel	
打つかる	ぶつかる	hit; bump into	
とんでもない	とんでもない	unthinkable; outrageous	
止まる	とまる	to stop; to come to a halt	
褒める	ほめる	to praise; to commend	
紹介	しょうかい	introduction; presentation; referral; listing	
角	かど	corner; edge; angle	
工場長	こうじょうちょう	factory (works) manager	
紅茶	こうちゃ	black tea	
一緒	いっしょ	together	
一	イチ, イツ, ひと, ひと.つ	one; one radical (no.　1)	
喉が渇く	のどがかわく	(become) thirsty	
残す	のこす	to leave; to reserve; to leave undone	
参った	まいった	I'm beaten; I give up	
航空便	こうくうびん	airmail	
お嬢さん	おじょうさん	daughter; young lady	
否定形	ひていけい	negative form	
無駄	むだ	no good; pointless	
感謝	かんしゃ	gratitude; thanks	
起こる	おこる	to occur; to happen	
雨がやむ	あめがやむ	the rain stops	
頂ける	いただける	to receive (potential); to be pretty good; to be exquisite; to be approvable	
部下	ぶか	subordinate	
団子	だんご	rice dumpling	
都庁	とちょう	Tokyo Government Office	
主婦	しゅふ	housewife	
放っておく	ほっておく	leave (someone/something) alone; neglect	
丁寧語	ていねいご	polite language (i.e. masu, desu, etc.)	
勝手	かって	selfish; self-centered	
光栄	こうえい	honour; honor; glory; privilege	
年賀状	ねんがじょう	New Year's card	
面白い	おもしろい	interesting; amusing	
土曜日	どようび	Saturday	
道の右側	みちのみぎがわ	right side of the street	
家事	かじ	housework; domestic duties	
引っ越す	ひっこす	to move; to change quarters	
締める	しめる	tie; fasten	
申し訳ありません	もうしわけありません	You have my apologies.	
緑	みどり	green; foliage	
切る	きる	to cut; to cut through	
蜜柑	みかん	tangerine; mandarin orange	
霧	きり	fog; mist	
淹れる	いれる	make tea, coffee, etc.	
過ごす	すごす	to pass (time); to spend; to overdo (esp. of one's alcohol consumption)	
まっすぐ行く	まっすぐいく	go straight	
季節外れ	きせつはずれ	unseasonable; out of season	
お子さん	おこさん	(someone's) child (honorifc)	
晴れ	はれ	fine weather; clear sky	
特に	とくに	particularly; especially; specifically	
仕舞う	しまう	to finish; to put away	
プロジェクト	プロジェクト	project	
虹	にじ	rainbow	
低い	ひくい	low (height, tone, rank, degree, cost, etc.);  short	
外科	げか	surgery	
蹴る	ける	kick	
歯科	しか	dentistry	
大勢	おおぜい	large numbers; a lot of (people)	
厚い	あつい	thick; bulky; kind; cordial; shameless	
家賃	やちん	rent	
お陰様で	おかげさまで	Thanks to God; thanks to you	
招待する	しょうたいする	to invite	
今日はこれで終わります	きょうはこれでおわります	That's all for today	
姉	あね	older sister	
政府	せいふ	government; administration	
日毎に	ひごとに	daily	
吸う	すう	inhale; suck	
生まれる	うまれる	to be born	
宇宙	うちゅう	universe; space	
部分	ぶぶん	part; section	
反対	はんたい	opposition; contrast; opposite	
帰る	かえる	return (home); go back	
どちら	どちら	which (between two); which way	
生活	せいかつ	life; living	
送別会	そうべつかい	farewell party	
朝寝坊	あさねぼう	oversleep	
工場	こうじょう	factory; plant	
実践	じっせん	practice; put into practice	
消化	しょうか	digestion; consumption	
雑誌	ざっし	magazine; journal	
賛成	さんせい	approval; agreement	
改めて	あらためて	once again	
手伝う	てつだう	help; assist	
捨てる	すてる	to throw away; to cast away; to dump; to discard; to abandon	
留守番電話	るすばんでんわ	answering machine	
濡らす	ぬらす	wet; moisten	
大統領	だいとうりょう	president	
人物	じんぶつ	character; person	
余裕	よゆう	surplus; room; leeway	
濡れる	ぬれる	to get wet	
美容院	びよういん	beauty shop	
同情	どうじょう	sympathy; compassion	
縫いぐるみ	ぬいぐるみ	stuffed animal	
結果	けっか	result; outcome	
撃墜	げきつい	shooting down (aircraft)	
奨学金	しょうがくきん	scholarship; fellowship	
悲しい	かなしい	sad	
早速	さっそく	immediately; without delay; promptly	
初詣	はつもうで	one's first visit to a shrine in the New Year	
抗生物質	こうせいぶっしつ	antibiotic	
登場	とうじょう	appearance on stage; appearance	
そんな事はない	そんなことはない	I don't think so.	
太っています	ふとっています	is fat	
正午	しょうご	noon; noontime	
半分	はんぶん	half	
事	こと	thing; matter; circumstances	
外国	がいこく	foreign country	
昼ご飯	ひるごはん	lunch	
週末	しゅうまつ	weekend	
学割	がくわり	student discount	
君	くん	suffix for names of friends, subordinates, etc.	
偶に	たまに	occasionally; once in a while	
作品	さくひん	work of art; piece	
将来	しょうらい	future; in the future	
鍋物	なべもの	stew; food cooked in a pot	
現れる	あらわれる	to appear; to come in sight; to become visible; to come out; to materialize; to be expressed (e.g. emotions); to become apparent (e.g. trends, effects); to emerge	
間に合う	まにあう	to be in time for; to serve the purpose	
納豆	なっとう	natto (fermented soybeans)	
蛇足	だそく	redundancy; superfluity; useless addition	
人生	じんせい	human life; life	
金額	きんがく	amount of money; sum	
暇つぶし	ひまつぶし	waste of time; killing time	
もう一度言って下さい	もういちどいってください	Please say it again.	
人力車	じんりきしゃ	rickshaw; jinrikisha	
環境	かんきょう	environment; surroundings	
立派	りっぱ	splendid; handsome; elegant; prominent; legitimate	
サボる	サボる	cut classes	
易しい	やさしい	easy; simple	
馬鹿にする	ばかにする	insult; make a fool of	
看護士	かんごし	(male) nurse	
書留	かきとめ	registered mail	
文字	もじ	character; letter	
高速道路	こうそくどうろ	freeway; highway	
教科書を閉じてください	きょうかしょをとじてください	Please shut the textbook	
危ない	あぶない	dangerous; uncertain	
粉薬	こなぐすり	powder medicine	
自由	じゆう	freedom; free	
入れ替わる	いれかわる	to change places; to relieve one another	
京都	きょうと	Kyoto	
音	おと,ね	sound; noise	
骨	ほね	bone; frame; spirit	
堅い	かたい	hard; solid; stiff; strong; safe; stubborn	
借りる	かりる	to borrow; to rent	
仰る	おっしゃる	to say; to speak; to tell (honorific)	
苛める	いじめる	to tease; to torment; to persecute	
緊張	きんちょう	tension; mental strain; nervousness	
切り替える	きりかえる	to change; to exchange; to convert; to renew; to throw a switch; to replace	
日記	にっき	diary	
痩せる	やせる	to lose weight; to become thin	
さっき	さっき	some time ago; a little while ago	
柔道	じゅうどう	judo	
一般に	いっぱんに	generally; in general	
調査	ちょうさ	investigation; inquiry	
世直し	よなおし	world reformation	
高速	こうそく	high speed	
下痢	げり	diarrhea	
残念	ざんねん	regret; bad luck; disappointment	
船	ふね	ship; boat; vessel	
皆	みんな	everybody; everything	
木の下	このした, このもと	under a tree	
お祖父さん	おじいさん	grandfather	
半	はん	half (usually suffix); odd number	
御苦労	ごくろう	trouble (I have put you through)	
食堂	しょくどう	dining hall; cafeteria	
餌	えさ	bait; feed	
差す	さす	to pour (drink); to raise (hands, umbrella)	
元旦	がんたん	New Year's Day	
だいたい同じです	だいたいおなじです	More or less the same	
締め切り	しめきり	cut-off; deadline; No Entrance	
塩	しお	salt	
住所	じゅうしょ	address; one's dwelling	
お年玉	おとしだま	New Year's gift	
枝豆	えだまめ	edamame (green soybeans)	
素敵	すてき	lovely; nice	
連れて帰る	つれてかえる	take (someone) home	
火傷する	やけどする	get burned	
離れる	はなれる	to be separated from; to leave	
呉れる	くれる	to give; to let one have; to do for one; to be given (from the receiver's point of view)	
栗鼠	りす	squirrel	
頂く	いただく	to receive; to eat; to drink (humble)	
購入する	こうにゅうする	purchase	
合計	ごうけい	sum total	
付く	づく	to become (a state, condition, etc.)	
壊れる	こわれる	to be broken; to break	
賛成です	さんせいです	I agree	
開く	ひらく	to open (doors, business, eyes, etc.); to be open; be available; to be empty	
多分	たぶん	probably; perhaps	
中学校	ちゅうがっこう	junior high school; middle school	
付け加える	つけくわえる	to add one thing to another	
化粧	けしょう	make up; put on makeup	
羨ましい	うらやましい	envious; envy	
秘密	ひみつ	secret; privacy	
餡パン	あんパン	bread roll filled with anko	
夫妻	ふさい	husband and wife; Mr. and Mrs.	
制服	せいふく	uniform	
無駄遣い	むだづかい	wasting money	
東京都	とうきょうと	Tokyo prefecture (of the 都 kind or metropolitan area)	
標準語	ひょうじゅんご	standard language (of a country); standard Japanese	
無くす	なくす	lose; get rid of	
真面目	まじめ	serious; sober; earnest	
月	つき	moon; month	
～時間	～じかん	... hours	
いろいろな所	いろいろなところ	various places	
黒板	こくばん	blackboard	
再来週	さらいしゅう	the week after next	
やばい	やばい	dangerous; risky; awful (young persons' slang); terrible; crap; amazing; cool	
や	や	ya (hiragana)	
休み	やすみ	rest; holiday; absence	
飛行機	ひこうき	airplane	
涼しい	すずしい	cool (weather); refreshing	
厳しい	きびしい	strict; severe; intense	
～枚	～まい	counter for flat things (pieces of paper, shirts, coins, etc.)	
入れる	いれる	to put in; to insert	
寝る	ねる	to sleep; to go to bed	
配る	くばる	hand out; distribute; allot	
犯人	はんにん	criminal; offender	
お先に失礼します	おさきにしつれいします	excuse me for leaving early (used when leaving a workplace)	
波	なみ	wave; fluctuations	
風邪	かぜ	cold (sickness)	
暑い	あつい	hot (weather); warm	
温かい	あたたかい	warm; mild; genial	
電子メール	でんしメール	e-mail	
国際電話	こくさいでんわ	international call/telephone	
確かに	たしかに	certainly; definitely	
駄目	だめ	useless; no good; hopeless; no	
お守り	おまもり	charm; amulet	
眠い	ねむい	sleepy	
大根	だいこん	daikon radish; oriental radish	
お待ち遠様	おまちどおさま	I'm sorry to have kept you waiting	
産婦人科	さんふじんか	obstetrics and gynecology	
鞄	かばん	bag; handbag; briefcase	
面接	めんせつ	interview	
展覧会	てんらんかい	exhibition	
戻ってくる	もどってくる	come back	
俳優	はいゆう	actor; actress	
喋る	しゃべる	chat; talk	
代える	かえる	substitute; use in place of	
冗談でしょう	じょうだんでしょう	You must be kidding!	
申す	もうす	to be called; to say (humble)	
蜘蛛	くも	spider	
お八つ	おやつ	snack; refreshment　(usually said by children)	
コピーを取る	コピーをとる	make a photocopy	
基本	きほん	basis; foundation	
売店	ばいてん	shop; stand	
橋	はし	bridge	
値段	ねだん	price	
貰う	もらう	receive	
順番	じゅんばん	(in) order; taking turns	
梅雨明け	つゆあけ	end of the rainy season	
百五十円になります	ひゃくごじゅうえんになります	It will be 150 yen.	
貧乏	びんぼう	poverty; destitute; poor	
夏	なつ	summer	
鳴る	なる	to sound; to ring; to roar	
御尻	おしり	buttocks	
ではお元気で	ではおげんきで	take care; be well; farewell	
投げる	なげる	to throw; to abandon	
植物	しょくぶつ	plant; vegetation	
石	いし	stone; small rock	
読む	よむ	to read	
文句を言う	もんくをいう	complain	
明ける	あける	to dawn; to grow light	
趣味	しゅみ	hobby; interest	
道路	どうろ	road; street	
確認	かくにん	confirmation	
物凄く	ものすごく	extremely	
季節	きせつ	season	
そろそろ	そろそろ	soon; quietly; it is about time to...	
貼る	はる	stick; paste	
遠い	とおい	far; distant	
添削	てんさく	correction	
誘う	さそう,いざなう	to invite; to ask out	
孔雀	くじゃく, くざく	peafowl (peacock, female peahen,　young peachick)	
お腹を壊す	おなかをこわす	have a stomachache/diarrhea	
兆	ちょう	trillion	
腰を掛ける	こしをかける	sit down	
提供	ていきょう	offer; provide; program sponsoring;  furnishing; provisioning; supply	
乾杯	かんぱい	Cheers!; a toast	
東京	とうきょう	Tokyo	
計画を立てる	けいかくをたてる	make a plan	
村	むら	village	
蚊	か	mosquito	
自動車	じどうしゃ	automobile	
お世話になる	おせわになる	receive favor; be indebted; be grateful	
お湯	おゆ	hot water	
変	へん	strange; weird; change	
僕	ぼく	I (generally male)	
お湯が沸く	おゆがわく	water boils	
助かる	たすかる	to be saved; to be rescued; to be helpful	
続き	つづき	continuation; sequel	
診察する	しんさつする	to examine	
案内	あんない	information; leading; to guide	
記事	きじ	article; story	
気を悪くする	きをわるくする	to take offense (at); to take offence (at); to feel hurt (by)	
御存知	ごぞんじ	knowing (honorific); acquaintance	
的	てき	-like; typical	
航空便でお願いします	こうくうびんでおねがいします	Air mail, please	
敬語	けいご	honorific language; polite speech	
誉める	ほめる	to praise	
新幹線	しんかんせん	Shinkansen; Bullet Train	
悪口を言う	わるくちをいう	make a derogatory remark; speak ill of	
換える	かえる	exchange; convert	
いや	いや	no (casual)	
話者	わしゃ	narrator; speaker	
そうして	そうして	and; like that	
頭がいい	あたまがいい	smart; clever	
便	びん	mail; flight	
覚える	おぼえる	to memorize; to remember; to commit to memory; to learn by heart	
分かる	わかる	to understand	
留学	りゅうがく	studying abroad	
帽子	ぼうし	hat; cap	
運ぶ	はこぶ	to carry; to transport; to move	
其方	そちら	that place/way/person there	
美味しい	おいしい	tasty	
卒業	そつぎょう	graduation	
林檎	りんご	apple	
別荘	べっそう	villa; vacation home	
基本的	きほんてき	fundamental; standard; basic	
損失	そんしつ	loss (e.g. assets or profits)	
痒い	かゆい	itchy	
御菓子	おかし	sweets; snacks	
四日	よっか	four days; fourth of the month	
御先	おさき	going before; the future	
宜しかったら	よろしかったら	if it is okay (polite)	
眼鏡をかける	めがねをかける	to wear glasses	
怠い	だるい	sluggish; feel heavy; languid; dull	
巻きす	まきす	"sushi mat" (bamboo mat used in food preparation, especially to roll makizushi)	
手術	しゅじゅつ	surgical operation	
弱い	よわい	weak; frail	
浴衣	ゆかた	yukata; informal summer kimono	
昼寝をする	ひるねをする	take a nap	
刺す	さす	stab; prick; sting	
吐きました	はきました	I threw up	
奢る	おごる	to treat (someone)	
原宿	はらじゅく	Harajuku (in Tokyo)	
育てる	そだてる	to bring up; to raise; to breed; to train	
怠け者	なまけもの	lazy person	
最善	さいぜん	the very best	
がっかりする	がっかりする	be disappointed	
壁	かべ	wall; partition	
塗る	ぬる	spread on; paint	
会社	かいしゃ	company; corporation	
大好き	だいすき	to love; like a lot	
曇る	くもる	become cloudy	
困る	こまる	be at a loss; in a jam; in trouble	
来学期	らいがっき	next semester	
皆で	みんなで	everybody together	
家内	かない	(my) wife	
先発	せんぱつ	forerunner; advance party; going on ahead; starting	
御免下さい	ごめんください	May I come in?	
星	ほし	star; suspect (police slang)	
河	かわ	river; stream	
免許	めんきょ	license; permit	
会社員	かいしゃいん	company employee	
発音	はつおん	pronunciation	
徹夜	てつや	staying up all night	
背が低い	せがひくい	short (person)	
参る	まいる	go; come; be defeated; collapse; be annoyed; visit (shrine; grave)	
また後で	またあとで	see you later	
とにかく	とにかく	in any case; anyway	
目覚まし時計	めざましどけい	alarm clock	
会議	かいぎ	conference; meeting	
被る	かぶる	to wear (on head); to put on	
嘘を吐く	うそをつく	tell a lie	
旅行	りょこう	travel; trip	
解釈	かいしゃく	interpretation; explanation	
鋭い	するどい	pointed; sharp	
十億	じゅうおく	billion	
亡くす	なくす	lose something; lose someone	
夕食	ゆうしょく	dinner; supper	
富士山	ふじさん	Mt. Fuji	
突然	とつぜん	abruptly; suddenly	
治る	なおる	to be cured; to get well; to be healed; to get mended	
上る	のぼる	go up	
盆踊り	ぼんおどり	Bon Festival dance	
販売	はんばい	sale; selling	
着る	きる	to wear (on upper body); put on	
格好いい	かっこいい	good looking; "cool"	
寿司	すし	sushi	
先輩	せんぱい	senior; superior	
交換	こうかん	exchange; bartering	
に取って	にとって	to; for; concerning; as far as ... is concerned; regarding	
戻る	もどる	to return (to a place); turn back	
話をする	はなしをする	have a talk	
名刺	めいし	business card; calling card	
街	まち	town; neighborhood; street	
野球選手	やきゅうせんしゅ	baseball player; ballplayer	
そんな	そんな	such; that kind of	
毛虫	けむし	hairy caterpillar; woolly bear; pest; nudnik (nudnick)	
遅刻	ちこく	tardiness; lateness	
通り	とおり	avenue; street	
意地悪	いじわる	malicious; ill-tempered; unkind	
要る	いる	to need; to require	
靴下	くつした	socks; stockings	
伝わる	つたわる	be transmitted; be handed down	
パンク	パンク	puncture	
簡単	かんたん	simple; easy	
縦	たて	vertical; length; height	
同僚	どうりょう	colleague; coworker	
兎に角	とにかく	anyhow; at any rate; anyway; somehow or other; generally speaking; in any case	
味噌汁	みそしる	miso soup	
咳	せき	cough	
在庫	ざいこ	inventory; stock; stockpile	
是非共	ぜひとも	by all means (with sense of not taking "no" for an answer)	
真っ直ぐ	まっすぐ	dead straight; honestly	
冷蔵庫	れいぞうこ	refrigerator	
空港	くうこう	airport	
気温	きおん	atmospheric temperature	
意訳	いやく	free translation; liberal translation	
皮膚	ひふ	skin	
出会う	であう	to run into (someone); to meet (someone) by chance	
冠詞	かんし	article	
英語版	えいごばん	English version; non-Japanese version	
眺める	ながめる	to look out; to gaze	
ていねいな言い方	ていねいないいかた	polite expression	
文学	ぶんがく	literature	
毎晩	まいばん	every evening	
其処	そこ	there	
お寺	おてら	temple (honorific)	
玄米	げんまい	unpolished rice; unmilled rice; brown rice	
不安	ふあん	uneasiness; anxiety	
木曜日	もくようび	Thursday	
本	ほん	book; volume; counter for long things	
自由席	じゆうせき	non-reserved seat	
注意	ちゅうい	attention; care; watch out	
～てご座る	～てござる	humble version of です	
発表	はっぴょう	announcement; publication	
十万	じゅうまん	one hundred thousand	
足の骨を折りました	あしのほねをおりました	I broke my leg	
間	あいだ	space or time (between); gap; interval; distance; span	
玄関	げんかん	entranceway; front door; area where shoes are kept	
静か	しずか	quiet; tranquil	
兼ねる	かねる	to serve or combine two functions; to find difficult (unpleasant, awkward, painful)	
加える	くわえる	to add; to add up; to sum up; to append; to annex	
綺麗	きれい	beautiful; lovely; clean	
お休みになる	おやすみになる	sleep (honorific)	
直ぐに	すぐに	instantly; immediately; right away; at once	
直る	なおる	to be repaired; to be returned to normal	
文句	もんく	complaint; phrase	
落ち込む	おちこむ	get depressed	
蟻	あり	ant	
麺類	めんるい	noodles; vermicelli	
存じる	ぞんじる	think; know (humble form)	
目的	もくてき	purpose; goal; aim; objective; intention	
～階	～かい	floor (of a building)	
お腹	おなか	stomach	
お宅	おたく	somebody's house (polite expression)	
所	ところ	place	
セーター	セーター	sweater; pullover	
三日	みっか	three days; third of the month	
勉強する	べんきょうする	to study	
ご存じ	ごぞんじ	know (honorific)	
～番	～ばん	number (in a series); (one's) turn; guard; lookout; match (sumo)	
始め	はじめ	beginning; origin	
教科書	きょうかしょ	textbook; schoolbook	
登る	のぼる	climb; mount; ascend	
受付	うけつけ	receptionist; information desk	
荷物	にもつ	baggage; load	
保険に入る	ほけんにはいる	buy insurance	
事務所	じむしょ	office; one's place of business	
鍵	かぎ	key; lock	
伺う	うかがう	ask; visit (humble)	
海老	エビ	lobster; shrimp	
数	かず	number; amount	
アジア研究	アジアけんきゅう	Asian studies	
顔をする	かおをする	to look ... (facial expression)	
空揚	からあげ	fried (e.g. potatoes, chicken)	
感情	かんじょう	emotion; feeling; feelings; sentiment	
五百	ごひゃく, いお	five hundred; many	
五才	ごさい	five years old	
かっこいい	かっこいい	cool; great-looking	
日本語	にほんご	Japanese language	
今日中に	きょうじゅうに	by the end of today	
使えません	つかえません	Can't be used	
～台	～だい	counter for cars and machines	
丘	おか	hill; slope	
二人	ふたり	two people	
刺身	さしみ	sashimi (sliced raw fish)	
通る	とおる	to pass (by); go through	
灰色	はいいろ	ash color; gray	
コロッケ	コロッケ	croquette	
短い	みじかい	short (length)	
可愛い	かわいい	cute; charming; sweet	
ね	ね	ne (hiragana)	
致す	いたす	to do (humble)	
英会話	えいかいわ	English conversation	
編む	あむ	knit	
交差点	こうさてん	crossing; intersection	
お勘定をお願いします	おかんじょうをおねがいします	May I have the check, please?	
駅	えき	station	
東	ひがし	east	
分ける	わける	divide into parts; sort; share	
遅く	おそく	(do something) late	
便利	べんり	convenience; handiness	
指定席	していせき	reserved seat	
急行	きゅうこう	moving at high speed; express (e.g. train that bypasses many stations)	
母	はは	mother	
詰まり	つまり	in short; basically; that is to say...	
洞窟	どうくつ	cave	
六つ	むっつ	six (things)	
湖	みずうみ	lake	
勿論	もちろん	of course; no doubt	
工学	こうがく	engineering	
牛	うし	cow; cattle	
興味がある	きょうみがある	be interested in	
負ける	まける	to lose, to be defeated	
泊まる	とまる	stay overnight	
随分	ずいぶん	very; extremely	
勝つ	かつ	to win	
推薦状	すいせんじょう	letter of recommendation	
無くなる	なくなる	to disappear; to run short; to get lost	
お手洗い	おてあらい	restroom; toilet; bathroom	
方法	ほうほう	method; procedure	
違う	ちがう	differ; not match the correct (answer, etc.)	
乗り遅れる	のりおくれる	to miss (train, bus, etc.)	
出張	しゅっちょう	business trip; official tour	
速い	はやい	fast	
移る	うつる	to move; to shift	
株	かぶ	stocks; shares; stump (of tree)	
回る	まわる	to turn; to revolve	
餃子	ぎょうざ	Chinese dumpling	
後輩	こうはい	junior (at work or school)	
謝る	あやまる	to apologize	
間違える	まちがえる	to make a mistake; to confuse	
乗車券	じょうしゃけん	railway ticket; bus ticket	
烏	カラス	crow; raven	
長野	ながの	Nagano (prefecture/city)	
蛸	タコ	octopus	
力仕事	ちからしごと	physical labor	
楽	らく	comfort; ease; raku pottery	
去る	さる	to go away; to leave	
瞬間	しゅんかん	instant; moment	
人	ひと	person	
大人	おとな	adult	
子	こ	child; kid	
存じ	ぞんじ	knowing	
用事	ようじ	things to do; errand; business	
十七分	じゅうななふん	seventeen minutes	
旅行する	りょこうする	to travel	
バス停	バスてい	bus stop	
貸す	かす	to lend; to loan	
円い	まるい	round; spherical; harmonious	
一時的	いちじてき	temporary	
信じられない	しんじられない	Unbelievable!	
拾う	ひろう	pick up; find	
時刻	じこく	clock time; time of day	
回数券	かいすうけん	book of tickets	
指輪	ゆびわ	ring	
召し上がる	めしあがる	eat; drink (honorific)	
誤る	あやまる	make a mistake	
怪我	けが	injury	
花粉症	かふんしょう	pollen allergy	
選ぶ	えらぶ	choose; elect	
嬉しい	うれしい	happy; glad	
感動	かんどう	emotion; impression	
通う	かよう	to go to and from (a place); to go back and forth between; to run between (e.g. bus, train, etc.); to go to (school, work, etc.); to circulate (e.g. blood, electricity)	
誕生日	たんじょうび	birthday	
税金	ぜいきん	tax	
髭	ひげ	moustache; beard	
細い	ほそい	thin; slender	
理解	りかい	understanding; comprehension	
火傷	やけど	burn	
肉まん	にくまん	manju (steamed bun) with meat filling	
寄る	よる	to visit; to drop in; to approach	
募集	ぼしゅう	recruiting; taking applications	
送る	おくる	to send (a thing); to dispatch; to escort (a person somewhere); to see off; to bid farewell	
書類	しょるい	documents; papers	
詳しい	くわしい	"detailed; full; accurate
knowing very well; well-acquainted; well-informed"	
日本	にほん, にっぽん	Japan	
呼び出す	よびだす	call; page	
種	たね	seed	
やった	やった	hooray (lit: I or we did it); whee; hot dog!; you beaut; whacko; yowzer!; yes!	
言い訳	いいわけ	apology; excuse	
一日	いちにち	one day	
甘い	あまい	sweet	
持つ	もつ	to hold; to possess	
桜の木	さくらのき	cherry tree	
病気が治る	びょうきがなおる	recover from (sickness), get well	
初めは	はじめは	at first	
消費	しょうひ	consumption; spending	
喫茶店	きっさてん	café; coffee shop;  tearoom	
餅	もち	rice cake	
飼う	かう	to keep (a pet or other animal); to raise; to have; to own; to feed	
振り掛け	ふりかけ	dried food sprinkled over rice; fish flour	
受ける	うける	to receive; to get; to catch (e.g. a ball); to be struck by (wind, waves, sunlight, etc.); to take (a test, an interview); to accept	
外	そと	outside; exterior	
おじゃまします	おじゃまします	Thank you (for allowing me to come in)	
十四	じゅうし,じゅうよん	fourteen	
結構です	けっこうです	That would be fine.; That wouldn't be necessary.	
番号	ばんごう	number; series of digits	
宿題	しゅくだい	homework	
道理で	どうりで	indeed; it's no wonder	
胸	むね	chest (body)	
畑	はたけ	field; vegetable garden	
泳ぐ	およぐ	swim	
差し上げる	さしあげる	give (humble)	
泉	いずみ	spring; fountain	
比べる	くらべる	compare; contrast	
退院する	たいいんする	to get out of the hospital	
粉	こな,こ	powder; flour	
ボール	ボール	ball	
離婚	りこん	divorce	
止める	やめる	to stop (doing something); quit; give up	
沈菜	キムチ	spicy Korean pickled cabbage; kimchi	
大切にする	たいせつにする	to value; treasure; think a great deal of	
庭	にわ	garden; court	
市民病院	しみんびょういん	municipal hospital	
鹿	しか	deer (esp. the sika deer, Cervus nippon)	
知りません	しりません	I do not know	
失礼します	しつれいします	Excuse me.; I must be going now.	
熱がある	ねつがある	have a fever	
四つ	よっつ	four (things)	
電気	でんき	electricity; electric light	
久しぶり	ひさしぶり	for the first time in a long time; It's been a long time since I saw you	
汚す	よごす	pollute; make dirty; to disgrace	
地下	ちか	basement; underground	
晴れる	はれる	be sunny; clear up	
タイヤ	タイヤ	tire	
春	はる	spring	
旅館	りょかん	Japanese inn	
蜻蛉	とんぼ, とんぼう, せいれい	dragonfly; damselfly	
言い出す	いいだす	begin to speak	
滝	たき	waterfall	
狐	きつね	fox	
紙	かみ	paper	
只	ただ	ordinary; usual; free of charge; as is; safe; only; merely; simply; but; however	
野球場	やきゅうじょう	baseball stadium; baseball field	
妹	いもうと	younger sister	
神様	かみさま	god; the divine	
鴨	かも	duck; easy mark; sucker; sitting duck	
夜	よる,よ	night; evening	
雲	くも	cloud	
似る	にる	resemble; be alike	
髪をとかす	かみをとかす	comb one's hair	
顔	かお	face; look; expression	
奥様	おくさま	married woman; someone's wife	
怪我をする	けがをする	to get injured	
鯉	こい	common carp; koi carp	
女優	じょゆう	actress	
悲劇的	ひげきてき	tragic	
踏む	ふむ	step on; tread on	
追加	ついか	addition; supplement; append	
北	きた	north	
和食	わしょく	Japanese-style food	
是非	ぜひ	by all means; at any cost	
豚肉	ぶたにく	pork; hog meat	
目茶苦茶	めちゃくちゃ	in a mess; terrible	
研究	けんきゅう	research; study	
感じ	かんじ	feeling; impression	
嵐	あらし	storm	
御苦労様	ごくろうさま	thank you very much for your..., I appreciate your efforts	
太陽	たいよう	sun	
釣り	つり	fishing; angling; change (money)	
近所	きんじょ	neighborhood	
両方	りょうほう	both	
埋め合わせ	うめあわせ	compensation	
勘弁	かんべん	pardon; forgiveness; forbearance	
表現	ひょうげん	expression; presentation; representation; notation (Mathematics)	
電話をかける	でんわをかける	to make a phone call	
次	つぎ	next	
授業	じゅぎょう	class; lesson; classwork	
おや	おや	Oh!; Good heavens!	
氷山	ひょうざん	iceberg	
二人ずつ	ふたりずつ	couple	
やっと	やっと	at last; finally	
御父さん	おとうさん	father (honorific)	
かたい言い方	かたいいいかた	bookish expression	
お疲れ様でした	おつかれさまでした	Thanks for the hard work; That's enough for today	
夏休み	なつやすみ	summer vacation	
ゆっくり	ゆっくり	slowly	
後	ご	after (usually suffix)	
五	ご	five	
お元気ですか	おげんきですか	How are you? (literally: Are you well)?	
会話	かいわ	conversation	
男の人	おとこのひと	man	
鳥	とり	bird	
イカ	イカ	squid; cuttlefish	
例えば	たとえば	for example	
ライオン	ライオン	lion	
切手	きって	postage stamp	
胡麻	ごま	sesame (seeds)	
間に	あいだに	while	
最高	さいこう	maximum; supreme	
地下鉄	ちかてつ	subway	
給料	きゅうりょう	salary; pay	
政治	せいじ	politics	
取りあえず	とりあえず	at once; first of all; for the time being; for now	
畏まりました	かしこまりました	Certainly. (accepting an order or request)	
体温計	たいおんけい	thermometer	
今度	こんど	this time; next time; one of these days	
煩い	うるさい	noisy; bothersome	
階段	かいだん	steps; flight of stairs	
津波	つなみ	tsunami; tidal wave	
便秘	べんぴ	constipation	
雰囲気	ふんいき	atmosphere; mood	
画面	がめん	screen	
怒る	おこる, いかる	to get angry; to get mad; to tell someone off; to scold	
転勤	てんきん	job transfer	
約	やく	approximately; about	
図書館	としょかん	library	
二十	にじゅう	20	
鼻	はな	nose	
全部	ぜんぶ	all; wholly; all in all	
どの位	どのぐらい	how much (long, far, etc.)	
為さる	なさる	to do (honorific)	
演奏	えんそう	musical performance	
野球	やきゅう	baseball	
～側	～がわ	side	
授業中に	じゅぎょうちゅうに	in class; during the class	
出身	しゅっしん	person's origin	
一昨年	おととし, いっさくねん	the year before last	
井戸	いど	water well	
八日	ようか	eight days; eighth day of the month	
居る	いる	to be; to exist (person); to stay at...	
別に	べつに	(not) particularly; separately; apart	
此の位	このぐらい	about this much	
小学校	しょうがっこう	elementary school; primary school	
氷	こおり	ice	
助ける	たすける	to help; to save	
途中	とちゅう	on the way; midway; en route	
喜び	よろこび	joy; happiness	
興味	きょうみ	interest (in something)	
授業料	じゅぎょうりょう	tuition fee	
普通	ふつう	normal; regular; general; ordinary	
ところが	ところが	but; on the contrary...	
注射	ちゅうしゃ	injection; shot	
黒	くろ	black	
ダイエット	ダイエット	(go on a) diet	
飴	あめ	(hard) candy; toffee	
嘘	うそ	lie	
渡る	わたる	to cross over; to go across	
醤油	しょうゆ	soy sauce	
である	である	to be (formal, literary)	
十二分	じゅうにふん	twelve minutes	
乗る	のる	to ride; board	
伝える	つたえる	to convey; to report; to transmit; to communicate; to tell	
米	こめ	rice (raw)	
開ける	あける	to open	
待たせる	またせる	keep (someone) waiting	
めまい	めまい	dizziness; giddiness; vertigo	
蛍	ほたる	firefly; lightning bug	
禿げ頭	はげあたま	bald head; baldness	
動画	どうが	animation; motion picture; moving image; video; in-betweening (in anime)	
結局	けっきょく	after all; finally	
頑張る	がんばる	persist; be tenacious	
部長	ぶちょう	section chief; department head	
悪い	わるい	bad	
地震	じしん	earthquake	
梅雨入り	つゆいり	start of the rainy season	
髭を剃る	ひげをそる	shave one's beard	
ほぼ	ほぼ	almost; nearly	
もやし	もやし	bean sprouts	
お茶	おちゃ	tea	
約束	やくそく	promise; agreement; contract; pact	
正解	せいかい	right answer; correct solution	
下さる	くださる	give; favor with (honorific)	
学ぶ	まなぶ	to learn; to study	
難しい	むずかしい	difficult	
よろしくお伝えください	よろしくおつたえください	please give my best regards	
横	よこ	side; width across; horizontal	
他の	たの, ほかの	other (た is more formal)	
売る	うる	to sell	
お世話	おせわ	help; aid; assistance	
笑顔	えがお	smiling face; smile	
全て	すべて	"everything; all; the whole
entirely; completely; wholly; all"	
助けて	たすけて	help!	
必要	ひつよう	need; necessity	
蜂	ハチ	bee; wasp; hornet	
心配	しんぱい	worry; concern; anxiety; assistance	
数学	すうがく	mathematics	
脱ぐ	ぬぐ	to take off (clothes, shoes, etc.)	
経済	けいざい	economy; economics	
狭い	せまい	narrow; confined	
番組	ばんぐみ	program	
鵞鳥	がちょう	goose	
上着	うわぎ	coat; jacket	
開く	あく	to open (business, door, eyes, mouth, etc.); to be empty; to be available	
生理	せいり	period; menstruation	
返品	へんぴん	return (merchandise)	
返る	かえる	be restored to; return to	
歯医者	はいしゃ	dentist	
～目	～め	-th (ordinal number suffix)	
料理	りょうり	cooking; cookery; cuisine	
鼻水	はなみず	nasal mucus; dripping nose	
ハイヒール	ハイヒール	high heels	
絶対に	ぜったいに	absolutely; unconditionally	
消しゴム	けしごむ	eraser	
持ってくる	もってくる	bring (something) along	
台所	だいどころ	kitchen	
意味	いみ	meaning; significance	
焼き魚	やきざかな	grilled fish	
続く	つづく	continue; follow	
お疲れ様	おつかれさま	thank you; many thanks; much appreciated; that's enough for today	
手をあげてください	てをあげてください	Please raise your hand	
最悪	さいあく	the worst	
鰻	うなぎ	eel	
電気屋	でんきや	electric appliance store	
性格	せいかく	character; personality	
夫	おっと	husband	
娘	むすめ	daughter; girl	
手短	てみじか	short; brief	
宜しく	よろしく	well; properly; suitably; best regards	
黒猫	くろねこ	black cat	
プール	プール	pool	
レコード	レコード	record	
ぐらい	ぐらい	about; approximately	
それに	それに	besides; in addition; also; moreover	
重い	おもい	heavy	
竜	たつ,　りゅう	dragon; imperial	
彼女	かのじょ	she; one's girlfriend	
九才	きゅうさい	nine years old	
来	らい	next (year, etc.); since (last month, etc.)	
方面	ほうめん	direction	
時々	ときどき	sometimes	
始まる	はじまる	to begin	
答える	こたえる	to answer; to reply	
歌	うた	song	
好む	このむ	to like; to be fond of	
本当は	ほんとうは	in fact; originally	
黄色	きいろ	yellow	
焼く	やく	to grill; to bake; to burn; to be envious	
鯨	くじら	whale	
気が付く	きがつく	notice; become aware of	
文化	ぶんか	culture; civilization	
技術	ぎじゅつ	"technology; engineering
technique; skill
art; craft"	
すごく	すごく	extremely	
皿	さら	plate; counter for plates or helpings	
時代	じだい	age; era; antiquity	
焼き鳥	やきとり	grilled chicken on skewer	
平気	へいき	nonchalant; calm	
お土産	おみやげ	souvenir	
お金持ち	おかねもち	rich person	
ご主人	ごしゅじん	(someone else's) husband	
熊	くま	a bear	
物価	ぶっか	prices	
謙遜	けんそん	humility; modesty	
饂飩	うどん	noodles; Japanese wheat noodles	
下りる	おりる	go down; come down	
そうそう	そうそう	That's right.	
出発	しゅっぱつ	departure	
撮る	とる	take (pictures); shoot (film)	
二十分	にじゅっぷん,にじっぷん	twenty minutes	
知っています	しっています	I know	
蕎麦	そば	buckwheat noodles; soba	
古い	ふるい	old	
忘れる	わすれる	to forget; to be forgetful of	
警察官	けいさつかん	police officer	
活動	かつどう	activity, function	
牛肉	ぎゅうにく	beef	
繰り返す	くりかえす	to repeat; to do something over again	
習慣	しゅうかん	custom; habit	
子供	こども	child	
試験	しけん	test; examination	
砂糖	さとう	sugar	
来年	らいねん	next year	
指	ゆび	finger; toe; digit	
良さげ	よさげ	good appearing; (of) good appearance	
道を渡る	みちをわたる	cross the street	
背中がかゆいです	せなかがかゆいです	I have an itchy back	
列	れつ	row; line	
降りる	おりる	to get off; to land; to descend	
親子丼	おやこどん	bowl of rice topped with chicken and eggs	
掴む	つかむ	to grip; to grab; to catch hold of	
引っ越し	ひっこし	moving; changing residence	
早い	はやい	early	
宇宙飛行士	うちゅうひこうし	astronaut	
風	かぜ	wind	
すぐに	すぐに	instantly; immediately	
人気がある	にんきがある	be popular	
髪	かみ	hair; hairstyle	
割引券	わりびきけん	discount coupon	
狼	おおかみ	wolf (carnivore, Canis lupus)	
諦める	あきらめる	to abandon; to give up	
相談	そうだん	consultation; discussion	
海豚	いるか	dolphin (or other small toothed whales, such as porpoises, belugas, etc.)	
座布団	ざぶとん	cushion	
熱	ねつ	heat; fever	
手袋	てぶくろ	gloves	
枯れる	かれる	wither; die	
種類	しゅるい	kind; species	
財布	さいふ	purse; wallet	
素晴らしい	すばらしい	splendid; excellent	
くだけた言い方	くだけたいいかた	colloquial expression	
ようこそ	ようこそ	welcome	
振る	ふる	to wave; to shake; to brandish; to reject (someone)	
専門家	せんもんか	specialist; expert	
一つ目の信号を右に曲がる	ひとつめのしんごうをみぎにまがる	turn right at the first traffic light	
～ていらっしゃる	～ていらっしゃる	honorific expression for 〜ている	
どう致しまして	どういたしまして	you are welcome; don't mention it; not at all; my pleasure	
空気	くうき	air; atmosphere	
朝食	ちょうしょく	breakfast	
厭	いや	unfavorable; unpleasant; hateful	
今朝	けさ	this morning	
特急	とっきゅう	super express; limited express (train)	
下らない	くだらない	pointless; worthless; insignificant; good-for-nothing; stupid	
心臓	しんぞう	heart (organ)	
蝋燭	ろうそく	candle	
欲しい	ほしい	want; desire	
ところで	ところで	by the way	
有る	ある	exist; possess; there is/are (inanimate objects)	
ご覧になる	ごらんになる	to see (honorific)	
向こう	むこう	the other side; the other party; opponent	
取る	とる	to take; to pick up; to harvest; to earn; to choose; to steal; to take off (one's glasses, etc.)	
草	くさ	grass; weed	
男	おとこ	man; male	
止める	とめる	to stop (a car); to turn off	
茶碗	ちゃわん	tea cup; rice bowl	
大丈夫ですよ	だいじょうぶですよ	It's OK.	
辞書	じしょ	dictionary	
ジャーナリスト	ジャーナリスト	journalist	
ポスター	ポスター	poster	
お礼	おれい	thanks; reward; return present	
終わる	おわる	to finish; to end; to close	
バイト	バイト	part-time job	
続ける	つづける	to continue; to keep up; to keep on	
象	ぞう	elephant	
娘さん	むすめさん	daughter; young woman	
電池	でんち	battery	
～行目	～ぎょうめ	line number...	
福袋	ふくぶくろ	lucky-dip bag; grab bag	
今すぐ	いますぐ	right away	
同じです	おなじです	Same thing	
文章	ぶんしょう	sentence; writing; prose	
運転免許	うんてんめんきょ	driver's license	
スニーカー	スニーカー	sneakers	
成る	なる	to become	
頭	あたま	head	
変える	かえる	change	
御座る	ござる	to be	
所で	ところで	by the way	
前夜	ぜんや	last night; the previous night	
お腹が空く	おなかがすく	become hungry	
コート	コート	coat; jacket; (tennis) court	
アイロンをかける	アイロンをかける	to iron clothes	
いらっしゃいませ	いらっしゃいませ	welcome (to our store)	
お祖母さん	おばあさん	grandmother; female senior citizen	
高い	たかい	high; tall; expensive	
時間が掛る	じかんがかかる	take time	
決める	きめる	to decide; to choose; to make up one's mind; to agree upon	
秒	びょう	second (interval of time)	
使う	つかう	to use	
集まる	あつまる	to gather; to collect; to get together	
判断	はんだん	judgment; decision	
首	くび	neck; head	
頑張って	がんばって	hold on; go for it; keep at it; good luck; hang in there; do your best!	
木	き	tree; wood	
正月	しょうがつ	New Year; New Year's Day; January	
一時半	いちじはん	one thirty	
息子	むすこ	son	
昨夜	さくや, ゆうべ	last night; last evening	
数分	すうふん	several minutes; a few minutes	
二十日	はつか	twenty days; the twentieth (day)	
詰まらない	つまらない	dull; uninteresting; boring; tedious	
以上	いじょう	not less than; ... and more; ... and upwards	
大事	だいじ, おおごと	important; serious matter	
気分が悪い	きぶんがわるい	feel sick	
午前	ごぜん	morning; a.m.	
信号	しんごう	signal; traffic light	
素晴らしいです	すばらしいです	That's great	
答え	こたえ	response; reply; answer; solution	
広場	ひろば	(public) square; open space	
大抵	たいてい	generally; mostly; usually	
数分後	すうふんご	a few minutes later; after a few minutes	
封筒	ふうとう	envelope	
付き合う	つきあう	associate with; keep company with; come along; go out (date)	
居る	おる	be present; stay (humble)	
猿	さる	monkey (esp. the Japanese macaque, Macaca fuscata); ape; non-human primate	
ホーム	ホーム	(train) platform	
スイッチ	スイッチ	switch	
冷やし中華	ひやしちゅうか	chilled Chinese noodles	
発疹	はっしん, ほっしん	rash; eruption	
寮	りょう	dormitory; lodging house	
茶	ちゃ	tea; light brown	
美術館	びじゅつかん	art museum; art gallery	
たこ焼き	たこやき	octopus dumplings	
えっと	えっと	let me see; well; errr ...	
今週末	こんしゅうまつ	this weekend	
昼	ひる	daytime; midday; noon	
片道	かたみち	one way	
松の木	まつのき	pine tree	
浴びる	あびる	to take (a shower)	
ビデオカメラ	ビデオカメラ	camcorder; video camera	
シャツ	シャツ	shirt	
迎える	むかえる	to welcome; to greet; to go out to meet	
二つ目の角を左に曲がる	ふたつめのかどをひだりにまがる	turn left at the second corner	
お好み焼き	おこのみやき	savoury pancake with various ingredients	
物足りない	ものたりない	unsatisfied; unsatisfactory	
内	うち	inside	
国内	こくない	domestic; internal	
直ぐ	すぐ	immediately; at once; directly; soon	
大阪	おおさか	Osaka (place name)	
では	では	then; in that case; well then	
まさか	まさか	by no means; never!; well, I never!; you don't say!	
～名様	～めいさま	party of ... people	
不味い	まずい	awful; troublesome; unappetizing	
せきが出る	せきがでる	to cough	
出来るだけ	できるだけ	as much as possible	
風が吹く	かぜがふく	wind blows	
半ば	なかば	middle; halfway	
最初	さいしょ	beginning; outset; first; onset	
九州	きゅうしゅう	Kyushu (island)	
霊	れい	soul; spirit; departed soul; ghost	
一杯	いっぱい	full; cupful; a lot of	
九十	きゅうじゅう	ninety	
万年筆	まんねんひつ	fountain pen	
病気	びょうき	illness	
太い	ふとい	thick; fat	
以下	いか	not exceeding; and downward; the below-mentioned; the following; the rest	
ではまた	ではまた	see you later (used in casual correspondence and conversation); goodbye; sincerely	
扇子	せんす	paper fan	
びっくりする	びっくりする	to be surprised	
痛い	いたい	painful	
中	じゅう	throughout (a time period); during; all over	
チャーハン	チャーハン	Chinese-style fried rice	
遅くなる	おそくなる	become late	
初めて	はじめて	for the first time	
客	きゃく	visitor; customer	
初め	はじめ	beginning	
自分で	じぶんで	(do something) by oneself	
横断歩道	おうだんほどう	pedestrian crossing; crosswalk	
次発	じはつ	departing second	
居なくなる	いなくなる	disappear	
久し振り	ひさしぶり	after a long time	
体育	たいいく	physical training; physical education	
じゃあ	じゃあ	then; well; so	
行き成り	いきなり	all of a sudden; without warning	
黄色い	きいろい	yellow	
着物	きもの	clothes; kimono	
出来れば	できれば	if possible	
～て居る	～ておる	humble version of 〜ている	
職員室	しょくいんしつ	staff room	
お湯を沸かす	おゆをわかす	boil water	
世界	せかい	world	
足りる	たりる	to be sufficient; to be enough	
連絡	れんらく	connection; communication	
卵	たまご	egg	
読んできてください	よんできてください	Read it before class	
正しい	ただしい	correct; righteous; lawful	
どちらでもいいです	どちらでもいいです	Both are fine	
会う	あう	to meet	
知り合う	しりあう	get acquainted with	
不合格	ふごうかく	failure; disqualification	
林	はやし	woods; grove; thicket	
スピーチ	スピーチ	speech	
間違う	まちがう	be mistaken; be incorrect	
谷	たに	valley; ravine	
がり	がり	sliced ginger prepared in vinegar (served with sushi); pickled ginger	
えびフライ	えびフライ	shrimp, breaded and deep-fried	
虎猫	とらねこ	tabby cat	
シャワーを浴びる	シャワーをあびる	take a shower	
レントゲン	レントゲン	X-rays	
何方	どなた	who; which way; which one	
方言	ほうげん	dialect	
茶店	ちゃみせ	stall that sells tea and candy	
秋田犬	あきたいぬ	Akita (breed of dog)	
漢字	かんじ	Chinese characters; kanji	
くしゃみが出ます	くしゃみがでます	I sneeze	
説明	せつめい	explanation; description	
二十四日	にじゅうよっか	the twenty-fourth (day)	
警察	けいさつ	police	
お巡りさん	おまわりさん	policeman	
明後日	あさって,みょうごにち	day after tomorrow	
逃げる	にげる	to escape; to run away	
歩く	あるく	to walk; go on foot	
包む	つつむ	wrap; pack	
花瓶	かびん	flower vase	
内科	ないか	internal medicine	
平仮名	ひらがな	hiragana	
一昨日	おととい, いっさくじつ	the day before yesterday	
営業	えいぎょう	business; sales	
椅子	いす	chair	
動物園	どうぶつえん	zoo	
～回	～かい	~times (counter)	
同感です	どうかんです	I agree	
ぶらぶら	ぶらぶら	wander aimlessly; hang about	
頼む	たのむ	to request; to ask	
違います	ちがいます	different; wrong	
お風呂に入る	おふろにはいる	take a bath	
～匹	～ひき	counter for small animals (cats, insects, etc.)	
柴犬	しばいぬ	Shiba Inu (breed of dog)	
馬鹿	ばか	fool; nonsense	
折り紙	おりがみ	origami; paper folding	
行	ぎょう	line (i.e. text); row	
単語	たんご	word; vocabulary; (usually) single character word	
主人	しゅじん	head of household; master; husband; shop owner	
味方	みかた	friend; ally; supporter	
最低	さいてい	least; lowest; disgusting; yuck!	
薔薇	バラ	rose	
零	れい	zero	
玩具	おもちゃ,がんぐ	toy; plaything	
本棚	ほんだな	bookshelf	
転ぶ	ころぶ	to fall down; to fall over	
洗濯	せんたく	laundering; washing	
動く	うごく	to move	
定期券	ていきけん	commuter's pass	
迎え	むかえ	greeting; meeting	
野原	のはら	field; plain	
起こす	おこす	to cause; to wake someone	
泣く	なく	to cry; to weep	
留守番	るすばん	caretaking; caretaker	
少々	しょうしょう	a little; a few	
三十分	さんじゅっぷん,さんじっぷん	thirty minutes	
込む	こむ	to be crowded; to be congested	
丁度	ちょうど	exactly; precisely; just	
コピーする	コピーする	to copy; to photocopy	
七分	しちぶん,ななふん	seven minutes	
右に曲がる	みぎにまがる	turn right	
段々	だんだん	gradually; one after another	
楽しい	たのしい	enjoyable; fun	
御免なさい	ごめんなさい	I'm sorry.	
喉	のど	throat	
息子さん	むすこさん	son (respectful)	
ご免	ごめん	sorry	
チョコレート	チョコレート	chocolate	
白鳥	はくちょう	swan	
メニュー	メニュー	menu; bill of fare	
留学生	りゅうがくせい	overseas student; exchange student	
丈夫	じょうぶ	healthy; robust; strong; durable	
技術者	ぎじゅつしゃ	engineer; technical expert	
水曜日	すいようび	Wednesday	
おばさん	おばさん	aunt	
月曜日	げつようび	Monday	
焼肉	やきにく	yakiniku (Japanese dish of fried meat), Korean barbecue	
全然	ぜんぜん	wholly; not at all (with negative)	
皮膚科	ひふか	dermatology	
～中	～ちゅう	in the center; in the middle	
往復	おうふく	going and returning; round trip	
七百	ななひゃく, しちひゃく	seven hundred	
うまい	うまい	good; skillful; clever	
来ない	こない	don't/doesn't come	
教える	おしえる	"to teach; to instruct
to tell; to inform
to preach"	
鶏	にわとり	(domestic) chicken	
昔	むかし	(in the) old times; the old days	
近く	ちかく	near; close to; shortly; soon	
勤める	つとめる	to work (for); to be employed; to serve (as)	
出掛ける	でかける	go out; be about to go out	
宝くじ	たからくじ	lottery	
女の人	おんなのひと	woman	
いい考えですね	いいかんがえですね	That's a good idea!	
妻	つま	wife	
如何	いかが	how; what	
命	いのち	life	
傘	かさ	umbrella; parasol	
布団	ふとん	futon; bedquilt	
達	たち	plural marker for some words	
何人	なんにん	how many people?	
見せる	みせる	to show; to display	
小包	こづつみ	parcel; package	
去年	きょねん	last year (spoken language)	
入り口	いりぐち	entrance	
豚	ぶた	pig	
中止	ちゅうし	suspension, stoppage, discontinuance, interruption	
何故	なぜ	why; for what reason	
～屋	～や	...shop	
二日酔	ふつかよい	hangover	
と言うか	というか	or perhaps I should say; or, how should I put it,....	
バイオリン	バイオリン	violin	
曇り	くもり	cloudiness; cloudy weather	
豚カツ	とんカツ	pork cutlet	
ぐうぜんですね	ぐうぜんですね	What a coincidence (seeing you here)	
灰皿	はいざら	ashtray	
会議室	かいぎしつ	meeting room; conference room	
科学	かがく	science	
葉書	はがき	postcard	
昨年	さくねん	last year　(written language)	
残る	のこる	to remain; to be left over	
歌詞	かし	song lyrics	
野菜	やさい	vegetable	
人類学	じんるいがく	anthropology	
混ぜる	まぜる	to mix; to stir; to blend	
虫歯	むしば	decayed tooth; cavity	
掛ける	かける	to hang; to expend (time, money)	
おやすみなさい	おやすみなさい	Good night.	
引く	ひく	to draw; to pull	
まあまあ	まあまあ	OK; not bad; so-so	
友達	ともだち	friend; companion	
一瞬	いっしゅん	instant; moment	
神	かみ	god; spirit	
箸	はし	chopsticks	
確か	たしか	certain; sure; definite; if I remember correctly	
決まる	きまる	be decided; to be settled; to look good in clothes	
親切	しんせつ	kind; friendly	
戴きます	いただきます	expression of gratitude before meals	
京子	きょうこ	Kyoko (female name)	
冬	ふゆ	winter	
違い	ちがい	difference; discrepancy	
饅頭	まんじゅう	steamed yeast bun with filling	
鍵を掛ける	かぎをかける	lock (a door)	
彼	かれ	he; one's boyfriend	
自然	しぜん	nature, spontaneity	
じゃない	じゃない	plain form of ではありません	
肉じゃが	にくじゃが	meat and potato stew	
もちろん	もちろん	Definitely!	
どうぞよろしく	どうぞよろしく	pleased to meet you	
失礼しました	しつれいしました	Excuse me; I am very sorry	
渡す	わたす	to carry across; to hand over	
似合う	にあう	to suit; to match well	
薄い	うすい	thin; weak; pale	
御飯	ごはん	cooked rice; meal	
保険	ほけん	insurance	
探す	さがす	search for; look for	
分野	ぶんや	field; sphere	
旅行会社	りょこうがいしゃ	travel agency	
温泉	おんせん	hot spring	
座る	すわる	to sit; to squat; to assume (a position)	
干物	ひもの	dried food; dried fish	
男性	だんせい	male; man	
こおろぎ	こおろぎ	cricket	
練習	れんしゅう	practice	
天ぷら	てんぷら	tempura	
十日	とおか	ten days; tenth of the month	
晩ご飯	ばんごはん	dinner	
卒業式	そつぎょうしき	graduation ceremony	
名詞	めいし	noun	
日本猿	にほんざる	snow monkey	
置く	おく	put; leave	
卵焼き	たまごやき	fried eggs; omelet; omelette	
神社	じんじゃ	Shinto shrine	
～過ぎ	～すぎ	past; after; over (e.g. eating)	
焼きそば	やきそば	pan-fried noodles	
閉まる	しまる	to be shut; to be closed	
沢山	たくさん	a lot; plenty	
相変わらず	あいかわらず	as usual; as before; the same	
穴熊	あなぐま	badger	
いらっしゃる	いらっしゃる	come; go (honorific)	
閉じる	とじる	to close; to shut	
狸	たぬき	raccoon dog; sly person	
ガソリン	ガソリン	gasoline	
矢張り	やはり,やっぱり	as expected; also; still	
履く	はく	to wear (on lower body); to put on	
光	ひかり	light; flash	
暖かい	あたたかい	warm; mild; genial	
歌舞伎	かぶき	kabuki; Japanese classical play	
終電車	しゅうでんしゃ	last train	
御手洗い	おてあらい	toilet; bathroom	
近づく	ちかづく	to approach; draw near; get closer to	
喜んで	よろこんで	gladly; with pleasure	
蟷螂	かまきり	praying mantis	
さん	さん	Mr./Ms....	
いくらですか	いくらですか	how much is this?	
気にしないで	きにしないで	Don't worry about it.	
安い	やすい	inexpensive; cheap	
楽器	がっき	musical instrument	
忙しい	いそがしい	busy; occupied	
絶対	ぜったい	absolute; absolutely	
外国人	がいこくじん	foreigner	
大きい	おおきい	big	
切符	きっぷ	ticket	
曜	ヨウ	day of the week	
十才	じゅっさい,じっさい	ten years old	
十ページをみてください	じゅうページをみてください	Please look at page 10.	
部屋	へや	room	
昨日	きのう, さくじつ	yesterday	
風邪薬	かぜぐすり	remedy for a cold	
どうもありがとうございました	どうもありがとうございました	Thank you (very much)	
一度	いちど	once	
銀行	ぎんこう	bank	
もしもし	もしもし	Hello? (used on the phone)	
医者	いしゃ	doctor	
事実	じじつ	fact; truth	
パンツ	パンツ	pants; underpants	
ほとんど	ほとんど	mostly; practically; nearly	
風邪をひく	かぜをひく	catch a cold	
お姉さん	おねえさん	older sister (honorific)	
思える	おもえる	to seem; to appear likely	
二十九日	にじゅうくにち	the twenty-ninth (day)	
聞いて下さい	きいてください	Please listen.	
シャンプー	シャンプー	shampoo	
お風呂	おふろ	bath	
兄弟	きょうだい	sibling(s)	
何時まで	いつまで	how long?; till when?	
小さい	ちいさい	small; little; tiny	
博物館	はくぶつかん	museum	
強い	つよい	strong	
大変	たいへん	very; hard; awful; serious	
ベッド	ベッド	bed	
韓国料理	かんこくりょうり	Korean food	
走る	はしる	to run	
夕飯	ゆうはん	evening meal; supper	
～方	～かた	how to...; way of...	
麒麟	きりん	giraffe; qilin (Chinese unicorn); Kirin (brand of beer)	
例	れい	example; precedent	
ジーンズ	ジーンズ	jeans	
これまで	これまで	until now	
残業	ざんぎょう	overtime	
平日	へいじつ	weekday; ordinary days (i.e. non-holiday)	
やめてください	やめてください	Please stop	
御蔭で	おかげで	thanks to (you)	
幾ら	いくら	how much	
薬	くすり	medicine; drug; remedy; chemical	
船便	ふなびん	surface mail; shipping service	
昔々	むかしむかし	once upon a time; a long time ago	
意見	いけん	opinion	
この頃	このごろ	now; these days; recently	
字引	じびき	dictionary	
ウェイター	ウェイター	waiter	
掛かる	かかる	hang; take, require, cost (e.g. a resource); put on (glasses); lock (door); attend, deal with (vi)	
御姉さん	おねえさん	older sister	
歌う	うたう	to sing	
木の実	きのみ, このみ	nut; fruit; berry	
暇	ひま	free time; spare time; time off	
照り焼き	てりやき	teriyaki (meat or fish marinated in sweet soy sauce and broiled)	
飛ぶ	とぶ	fly; leap; jump	
服	ふく	clothes	
蝶	ちょう	butterfly	
声	こえ	voice	
掃除	そうじ	cleaning	
式場	しきじょう	ceremonial hall; place of ceremony (e.g. marriage)	
ご馳走	ごちそう	feast; treat; delicacies	
おかえりなさい	おかえりなさい	Welcome back; Welcome home.	
酒	さけ	sake; alcoholic drink	
耳	みみ	ear	
海	うみ	sea; ocean	
宿題を出してください	しゅくだいをだしてください	Please hand in your homework	
いらっしゃい	いらっしゃい	Please come in!; Welcome!	
カーテン	カーテン	curtain	
父	ちち	father	
靴	くつ	shoes; boots	
可能性	かのうせい	potentiality; likelihood; possibility; availability	
辺	へん	vicinity; part	
公園	こうえん	park; public garden	
タオル	タオル	towel	
本当	ほんとう	truth; reality	
来月	らいげつ	next month	
降る	ふる	fall (i.e. rain/snow); come down; precipitate	
時間のたつ	じかんのたつ	passage of time; perceived time; relative time	
金曜日	きんようび	Friday	
秋	あき	autumn; fall	
建物	たてもの	building; structure	
紫	むらさき	purple	
最近	さいきん	lately; recently	
他	た,ほか	other; other things	
身長	しんちょう	stature; height	
ラーメン	ラーメン	ramen (Chinese noodles)	
成る程	なるほど	I see; really	
御兄さん	おにいさん	older brother	
青	あお	blue; green; green light; youth	
休みの日	やすみのひ	A day off, holiday	
戸	と	door (esp. Japanese-style)	
今晩	こんばん	this evening; tonight	
晩	ばん	evening; counter for nights	
森	もり	forest; thick woods	
午後	ごご	afternoon; p.m.	
猫	ねこ	cat	
主に	おもに	mainly; mostly	
結婚式	けっこんしき	wedding ceremony	
訳す	やくす	to translate; to interpret	
元気がない	げんきがない	don't look well	
鼠	ねずみ	rat; mouse	
作家	さっか	author; writer; novelist; artist	
今週	こんしゅう	this week	
心温まる	こころあたたまる	to be heart-warming	
おじさん	おじさん	uncle; mister	
お正月	おしょうがつ	New Year's Day	
社長	しゃちょう	president (of a company); manager; director	
運動	うんどう	motion; exercise	
机	つくえ	desk; table	
父親	ちちおや	father	
あちら	あちら	that place/way/person over there	
朝ご飯	あさごはん	breakfast	
大使館	たいしかん	embassy	
行う	おこなう	do; carry out	
汁物	しるもの	soup	
天気予報	てんきよほう	weather forecast	
物	もの	thing; object	
こちらこそ	こちらこそ	It is I who should say so; Thank you	
肴	さかな	appetizer or snack served with drinks; performance to liven up a bar	
皆	みんな,みな	all; everybody	
二分	にふん	two minutes	
ください	ください	please give me ...; please ... (suffix)	
話す	はなす	to talk; to speak; to converse; to chat	
男の子	おとこのこ	boy; baby boy	
行ってらっしゃい	いってらっしゃい	have a good day; take care; see you	
背	せい	height; stature	
苦手	にがて	poor (at); weak (in); not very good (at); dislike (of)	
マイナス	マイナス	minus; below zero	
地震学	じしんがく	seismology	
英語	えいご	English language	
場合	ばあい	case; situation	
銀色	ぎんいろ	silver (color)	
さあ	さあ	now then; well; oh	
嫌う	きらう	to dislike	
笑う	わらう	to laugh; to smile	
右	みぎ	right	
お世話になりました	おせわになりました	Thank you for your help/kindness.	
専門	せんもん	specialty; subject of study	
楽しむ	たのしむ	to enjoy oneself	
吹く	ふく	blow; play on a wind instrument	
迷う	まよう	to lose one's way; to hesitate; to be of two minds over; to be puzzled	
蒲公英	たんぽぽ	dandelion	
定価	ていか	fixed price	
ボーナス	ボーナス	bonus	
鉛筆	えんぴつ	pencil	
二十歳	はたち, にじゅうさい	20 years old	
四角い	しかくい	square; four-sided	
七千	ななせん	seven thousand	
消える	きえる	to vanish; to disappear	
ゴールデンウィーク	ゴールデンウィーク	golden week (holiday period in early May)	
消す	けす	to turn off; erase; delete; put out	
起きる	おきる	get up; get out of bed; occur (event)	
あそこ	あそこ	over there	
大家	おおや	landlord	
本屋	ほんや	bookstore; bookshop	
鮪	まぐろ	tuna	
結婚	けっこん	marriage; get married	
家庭	かてい	family; household; home	
兄	あに	older brother	
羽	ウ, は, はね	feathers; counter for birds, rabbits	
土	つち	earth; soil; ground	
試す	ためす	to attempt; to test	
お返し	おかえし	return favor; return gift	
枝	えだ	branch; twig	
含まれる	ふくまれる	be included (in something)	
エアコン	エアコン	air-conditioning; air conditioner	
ホームシック	ホームシック	homesickness	
宝くじに当たる	たからくじにあたる	win the lottery	
遅れる	おくれる	to be late	
消防士	しょうぼうし	firefighter	
御風呂	おふろ	bath	
今学期	こんがっき	this semester	
十八分	じゅうはっぷん,じゅうはちふん	eighteen minutes	
有名人	ゆうめいじん	celebrity	
道	みち	road; street	
天気	てんき	weather	
苗	なえ	seedling	
減る	へる	to decrease (in size or number); to diminish; to abate	
海外旅行	かいがいりょこう	trip to a foreign country	
漫画家	まんがか	cartoonist; manga artist	
昼御飯	ひるごはん	lunch	
二十五歳	にじゅうごさい	25 years old	
お父さん	おとうさん	father (honorific)	
もうすぐ	もうすぐ	very soon; in a bit	
作文	さくぶん	composition; essay	
鶴	ツル	crane; stork	
一日	ついたち	(arch) first day of the month; first ten days of the lunar month	
アレルギー	アレルギー	allergy	
体	からだ	body; health	
急に	きゅうに	swiftly; suddenly; abruptly	
七つ	ななつ	seven (things)	
毎日	まいにち	every day	
十三日	じゅうさんにち	the thirteenth (day)	
テニス	テニス	tennis	
山羊	やぎ	goat	
近い	ちかい	near; close; short (distance)	
八つ	やっつ	eight (things)	
砂	すな	sand; grit	
試合	しあい	match; game	
ちょっと違います	ちょっとちがいます	Slightly different	
予定	よてい	plan; schedule	
お大事に	おだいじに	take care of yourself	
～年生	～ねんせい	... year student	
亀	かめ	turtle; tortoise	
郵便局	ゆうびんきょく	post office	
凄い	すごい	wonderful; great; incredible	
～個	～こ	counter for smaller items	
大切	たいせつ	important; valuable	
先	さき	ahead; first; previous; before	
冷たい	つめたい	cold (thing); unkind (person)	
少ない	すくない	few; little; scarce	
恥ずかしがり屋	はずかしがりや	shy person	
出来る	できる	to be able to do; to be good at	
映画	えいが	movie	
疲れる	つかれる	get tired; become fatigued	
どっち	どっち	which (between two choices); which place/way/person? (informal)	
病院	びょういん	hospital	
照る	てる	shine; be fine	
一昔	ひとむかし	ages; long time; decade; the past ten years	
二三日	にさんにち	two to three days	
そろそろ失礼します	そろそろしつれいします	It's almost time to leave now.	
雪	ゆき	snow; snowfall	
無理	むり	impossible; forced; overdoing	
質問	しつもん	question	
ほかに	ほかに	other than; besides	
床屋	とこや	barber; barbershop	
時間を過ごす	じかんをすごす	spend time	
左に曲がる	ひだりにまがる	to turn to the left	
考える	かんがえる	to consider; to think about	
持てる	もてる	be popular (with)	
八万	はちまん, やよろず	eighty thousand; many	
進む	すすむ	to advance; move forward	
お客様	おきゃくさま	customer; guest	
ずつ	ずつ	each; once per	
車	くるま	car	
住む	すむ	to live; reside	
木の葉	このは	tree leaves	
余り	あまり	not very (with negative); remainder; leftover; too much (with positive)	
スポーツ	スポーツ	sport	
御茶	おちゃ	tea	
午前中	ごぜんちゅう	in the morning	
じゃありません	じゃありません	negative of です (slightly more informal)	
ズボン	ズボン	trousers; pants	
有名	ゆうめい	famous	
丸い	まるい	round	
気	き	spirit; temperament	
まだ	まだ	still; (not) yet; as yet	
上	うえ	up; above; top; on	
気持ち	きもち	"feeling; sensation; mood
preparedness; readiness; attitude
thanks; solicitude; sympathy
just a little; somewhat; slightly"	
頃	ころ, ごろ	time; at about	
併し	しかし	however; but	
酔っ払う	よっぱらう	get drunk	
しょう油	しょうゆ	soy sauce	
元気	げんき	healthy; energetic	
晩御飯	ばんごはん	dinner	
守る	まもる	to protect; to guard; to defend; to keep (a promise); to abide (by the rules)	
下ろす	おろす	bring down; take down; pull down; withdraw (money)	
そうか	そうか	I see; is that so (generally rhetorical); oh yeah; oh right	
女性	じょせい	woman; female	
一年生	いちねんせい	freshman; first-year student	
雉	きじ	green pheasant (Japan's national bird)	
奥さん	おくさん	(someone else's) wife; married lady	
三百	さんびゃく	three hundred	
一月	いちがつ	January	
隹	ふるとり	kanji "old bird" radical	
牛乳	ぎゅうにゅう	(cow) milk	
かな	かな	I wonder; I guess	
五分	ごふん	five minutes	
どうやら	どうやら	it seems like; it appears that; somehow or another	
窓口	まどぐち	teller or ticket window; counter	
蛇	へび	snake; serpent; hard drinker	
ご免なさい	ごめんなさい	I am sorry	
少し	すこし	a bit; small quantity	
者	もの	person; fellow	
大丈夫	だいじょうぶ	alright; OK; no problem	
番	ばん	one's turn; watch; number ... (in a series)	
次は～		next (stop)...	
歯	は	tooth	
張る	はる	to stick; to paste; to strain; to tighten; to form (i.e. ice on pond); to attach a web link	
週	しゅう	week	
昨日の夜	きのうのよる	last night	
フィルム	フィルム	film	
一人	ひとり	one; one person	
連絡する	れんらくする	to contact	
届く	とどく	to reach; to be received	
色	いろ	color	
千	せん, ち	thousand	
三才	さんさい	three years old; the three powers: heaven, earth and man	
ええと	ええと	well...; let me see...	
金髪	きんぱつ	blond; blonde	
この間	このあいだ	the other day; recently	
パン粉	パンこ	bread crumbs	
窓	まど	window; windowpane	
片仮名	かたかな	katakana	
明るい	あかるい	bright; colourful; cheerful; familiar (with)	
朝飯	あさめし, あさはん	breakfast	
果物	くだもの	fruit	
何か	なにか	something; some	
金色	きんいろ	golden color	
汚れる	よごれる	to become dirty	
歌手	かしゅ	singer	
本当に	ほんとうに	really; truly; indeed	
様	さま	-sama; dear (suffix after the addressee of a letter)	
掛る	かかる	to take; to hang; to come into view; to arrive; to start (engines, motors)	
手	て	hand	
駅員	えきいん	station employee	
見つける	みつける	to find (by looking); to discover; to locate; to come across; to detect; to spot	
サラリーマン	サラリーマン	office worker; salaried worker; company employee	
町	まち	town; block; city quarter	
気をつける	きをつける	be cautious/careful	
銀河	ぎんが	Milky Way; galaxy	
言語	げんご	language; speech	
となりの人に聞いてください	となりのひとにきいてください	Please ask your neighbor	
四時	よじ	four o’clock	
八才	はっさい	eight years old	
早く	はやく	early; soon	
薬を飲む	くすりをのむ	take medicine	
魚	さかな,うお	fish	
勉強	べんきょう	study; diligence	
二日	ふつか	two days; second of the month	
大学生	だいがくせい	university student	
来る	くる	to come; to arrive	
連れてくる	つれてくる	bring (someone) along	
後ろ	うしろ	back; behind	
お願いします	おねがいします	please	
其れでは	それでは	if that is the case; well then	
プレゼント	プレゼント	present; gift	
お客さん	おきゃくさん	guest; client; customer (honorific)	
涙	なみだ	tears (e.g. from crying)	
歩いて	あるいて	on foot	
ゆっくりと	ゆっくりと	slowly; at ease	
落ちる	おちる	to fall; to drop; to fail (e.g. exam)	
描く	かく	to draw; to paint; to sketch	
もう少し	もうすこし	a little more	
六千	ろくせん	six thousand	
～週間	～しゅうかん	weeks	
又	また	again; also; or	
数ヶ月	すうかげつ	several months	
五十円切手を三枚ください	ごじゅうえんきってをさんまいください	Give me three 50-yen stamps, please.	
崖	がけ	cliff	
コンタクト	コンタクト	contact lenses	
切符売り場	きっぷうりば	ticket window; box office; ticket	
ご免下さい	ごめんください	may I come in?	
文法	ぶんぽう	grammar	
軽い	かるい	light (not heavy)	
羊	ひつじ	sheep	
冗談	じょうだん	joke	
聞こえる	きこえる	to be heard; to be audible	
カレーライス	カレーライス	curried rice	
女	おんな	woman; girl	
西	にし	west	
言葉	ことば	word; language	
思い出す	おもいだす	"to recall; to remember; to recollect
to remind of; to call to mind"	
押す	おす	to push; to press	
お皿	おさら	plate; dish	
新しい	あたらしい	new	
数字	すうじ	numeral; figure; digit; numeric character	
七万	ななまん	seventy thousand	
一才	いっさい	one-year-old	
未だ	まだ,　いまだ	(not) yet; more; still	
警官	けいかん	police officer; policeman	
聞いたことがあります	きいたことがあります	I've heard that	
再来月	さらいげつ	the month after next	
三時半	さんじはん	3:30	
二千	にせん	two thousand	
君	きみ,くん	you; name suffix for boys	
杯	はい	sake cup; cup for alcoholic beverages; counter for cupfuls	
到着時刻	とうちゃくじこく	arrival time	
注文	ちゅうもん	order; request	
お弁当	おべんとう	bento; boxed lunch (honorific)	
三分	さんぷん	three minutes	
鷲	わし	eagle	
目	め	eye	
御休みなさい	おやすみなさい	good night	
歴史	れきし	history	
集める	あつめる	to collect; to gather	
米	メートル	meter; gauge	
でも	でも	but; however	
九分	くぶん,きゅうふん	nine minutes	
いい子	いいこ	good child	
よく	よく	often	
連れていく	つれていく	to take (someone) along	
過ぎ	すぎ	past; after; too (much)	
動物	どうぶつ	animal	
に就て	について	concerning; along; under; per	
再来年	さらいねん	the year after next	
御馳走様	ごちそうさま	word used after one has been treated	
字	じ	character; letter	
やせています	やせています	is thin	
七	なな,しち	seven	
入口	いりぐち	entrance; gate	
直す	なおす	to repair; to heal; to fix; to replace	
迎えに来る	むかえにくる	come to pick someone up	
百	ひゃく	hundred	
火山	かざん	volcano	
生徒	せいと	pupil; student	
別々	べつべつ	separately	
多い	おおい	many; numerous	
熱い	あつい	hot (objects)	
休む	やすむ	to take a day off; take a break; to be absent	
返す	かえす	to return (something); to repay	
八百	はっぴゃく	eight hundred	
だめです	だめです	That's wrong.; That's not OK.	
親	おや	parent(s)	
～について	～について	about...; concerning...	
其れ	それ	that; that one	
門限	もんげん	closing time; lockup; curfew	
中	なか	inside; middle; center; among	
無い	ない	to not be	
習う	ならう	to learn; practice	
いちばん後ろ	いちばんうしろ	last car; tail end	
映画館	えいがかん	movie theater; cinema	
増える	ふえる	to increase; to accrue	
道に迷う	みちにまよう	become lost; lose one's way	
遅い	おそい	slow; late	
～語	～ご	language	
～点	～てん	counter for points (on a test)	
うん	うん	uh-huh; yes	
買い物	かいもの	shopping; purchased goods	
四分	よんぷん	four minutes	
毎年	まいとし, まいねん	every year	
お休みなさい	おやすみなさい	good night	
出かける	でかける	to go out; to leave (the house)	
一月	ひとつき	one month	
レストラン	レストラン	restaurant	
可笑しい	おかしい	funny; amusing; strange; peculiar	
御馳走様でした	ごちそうさまでした	said after one has been treated (i.e. after a meal)	
足る	たる	be sufficient; be enough	
背中	せなか	back (of body)	
地図	ちず	map; atlas	
語	ご	language (suffix); word; term	
台風	たいふう	typhoon	
自分	じぶん	self; oneself	
南	みなみ	south	
兎	ウサギ	rabbit; hare	
水色	みずいろ	sky blue; turquoise	
四才	よんさい	four years old	
恥ずかしい	はずかしい	shy; ashamed; embarassed	
実る	みのる	bear fruit; ripen	
泥	どろ	mud	
食事	しょくじ	meal	
八百屋	やおや	vegetable store; greengrocer	
法	ほう	law; rule	
待つ	まつ	wait; wait for	
赤ちゃん	あかちゃん	baby, infant	
天	てん	sky; Heaven	
デート	デート	date (with a person)	
肉	にく	flesh; meat	
飲み物	のみもの	drink; beverage	
大学院	だいがくいん	graduate school	
山	やま	mountain	
～年代	～ねんだい	~ties (as in "the sixties")	
にも	にも	also; too; not ... either; as well; even	
同じ	おなじ	same; identical	
赤い	あかい	red	
いちばん前	いちばんまえ	first car; front end	
ビデオ	ビデオ	video	
もう一度	もういちど	one more time	
までに	までに	by (time/date)	
飲む	のむ	to drink; take (medicine)	
終電	しゅうでん	last train	
わかりました	わかりました	I understand.	
動詞	どうし	verb	
おめでとうございます	おめでとうございます	Congratulations!	
数える	かぞえる	to count; to calculate	
御酒	おさけ	alcohol; sake	
為る	する	do; make; wear small items	
一人で	ひとりで	by oneself; alone	
じゃなかった	じゃなかった	plain version of ではありませんでした	
六	ろく	six	
私	わたし,わたくし	I; me	
お菓子	おかし	confections; sweets; candy	
ストーブ	ストーブ	heater (derived from the word "stove")	
やっぱり	やっぱり	just as I thought; after all	
あっち	あっち	that place/way/person over there (informal)	
火曜日	かようび	Tuesday	
何日ぐらいかかりますか	なんにちぐらいかかりますか	How many days will it take?	
五千	ごせん	five thousand	
御～	お～,ご～	honorable; honorific	
毎月	まいつき, まいげつ	every month	
十九分	じゅうきゅうふん	nineteen minutes	
お日様	おひさま	sun (polite)	
嫌い	きらい	hate; dislike	
気分	きぶん	feeling; mood	
良かったら	よかったら	if you like	
～冊	～さつ	counter for books, volumes, etc.	
高校	こうこう	high school	
お先にどうぞ	おさきにどうぞ	go ahead	
約束を守る	やくそくをまもる	keep a promise	
まあね	まあね	well, I must admit ...	
風呂	ふろ	bath	
ホストファミリー	ホストファミリー	host family	
それまで	それまで	until then; up until then	
何時から	いつから	since when; from when; how long	
七日	なのか	seven days; seventh of the month	
両親	りょうしん	parents	
マフラー	マフラー	scarf; muffler	
ごみ	ごみ	rubbish; trash	
別	べつ	another; different	
～ヶ月	～かげつ	counter for months (period of time)	
行く	いく, ゆく	to go	
～けど	～けど	...but; ...so	
四百	よんひゃく	four hundred	
電話	でんわ	telephone; phone call	
言う	いう	"to say; to utter; to declare
to name; to call
to go (e.g. "the alarm went ping"); to make a noise"	
実は	じつは	as a matter of fact; frankly	
クラス	クラス	class	
～なんです	～なんです	it is assuredly that ...; can say with confidence that	
心	こころ	heart; mind	
見える	みえる	to be visible; to seem	
太る	ふとる	to grow fat; to fatten	
幾つ	いくつ	how many; how old	
一番	いちばん	most; best	
ずっと	ずっと	continuously in some state (for a long time, distance); throughout; the whole time	
にする	にする	decide on (an item or course of action)	
三十	さんじゅう	thirty	
十一時	じゅういちじ	eleven o'clock	
交番	こうばん	police box	
後	あと	after; back; behind; more (minutes, points); the rest	
暗い	くらい	dark; dreary; shadowy	
美しい	うつくしい	beautiful	
雨が降る	あめがふる	to rain	
赤	あか	red; crimson	
ワイシャツ	ワイシャツ	(business) shirt; (white) shirt	
自動車学校	じどうしゃがっこう	driving school	
～か月	～かげつ	months (duration)	
並べる	ならべる	line up; display; set up	
三万	さんまん	thirty thousand	
何時でも	いつでも	any time; whenever	
ポスト	ポスト	mail box; post box	
自転車	じてんしゃ	bicycle	
その	その	that (thing)	
こっち	こっち	this place/way/person here (informal)	
山田さん	やまださん	Mr./Mrs. Yamada	
大学院生	だいがくいんせい	graduate student	
おかえり	おかえり	return; (abbr) welcome home	
付ける	つける	to attach; to join; to add; to stick; to glue; to fasten	
キャンプ	キャンプ	camping; camp	
十一日	じゅういちにち	the eleventh (day)	
四万	よんまん	forty thousand	
スーパー	スーパー	super; supermarket	
国	くに	country	
お元気で	おげんきで	take care; be well; farewell	
スウェーデン	スウェーデン	Sweden	
足	あし	leg; foot	
どうしよう	どうしよう	What should I/we do?	
先月	せんげつ	last month	
ノート	ノート	note book; laptop	
田中さん	たなかさん	Mr./Ms. Tanaka	
行き	いき, ゆき	going	
分	ぶん	amount; part; share	
何時までも	いつまでも	forever	
閉める	しめる	to close; to shut	
青い	あおい	blue	
始める	はじめる	to start; to begin; to commence	
店	みせ	shop; store	
夕べ	ゆうべ	evening; last night	
ハンカチ	ハンカチ	handkerchief	
川	かわ	river; stream	
聞く	きく	to hear; to listen; to ask	
背広	せびろ	business suit	
油	あぶら	oil	
二百	にひゃく	two hundred	
どうですか	どうですか	How about...?; How is...?	
韓国	かんこく	Korea; South Korea	
八	はち	eight	
茶色	ちゃいろ	light brown	
片道切符	かたみちきっぷ	one-way ticket	
アルバイト	アルバイト	casual job; student job; part-time job	
九日	ここのか	nine days; ninth of the month	
一緒に	いっしょに	together	
二時半	にじはん	two thirty (in the morning/afternoon)	
朝	あさ	morning	
はじめまして	はじめまして	Nice to meet you. (How do you do?) Literal translation : "this is the first time".	
ホームステイ	ホームステイ	homestay	
立つ	たつ	to stand; to rise	
犬	いぬ	dog	
日曜日	にちようび	Sunday	
カップ	カップ	cup	
ポップコーン	ポップコーン	popcorn	
スリッパ	スリッパ	slippers	
池	いけ	pond	
結婚する	けっこんする	to marry	
弟	おとうと	younger brother	
東口	ひがしぐち	east exit/entrance	
誰	だれ	who; whom	
買う	かう	to buy	
そうかもしれません	そうかもしれません	That is probably so.	
毎週	まいしゅう	every week	
上手	じょうず	good at; skilled	
六万	ろくまん	sixty thousand	
無事	ぶじ	safely; peacefully	
ボタン	ボタン	button	
名前	なまえ	name	
八分	はっぷん,はちふん	eight minutes	
願う	ねがう	to wish; to ask a favor; to apply for	
九百	きゅうひゃく	nine hundred	
～歳	～さい	years old	
ラジオ	ラジオ	radio	
ゆっくり言って下さい	ゆっくりいってください	Please say it slowly	
あげる	あげる	give; raise; deep-fry	
どちらかと言うと	どちらかというと	if pushed I'd say; if I had to say then	
皆さん	みなさん	everybody; ladies and gentlemen	
仕事	しごと	work; job	
お母さん	おかあさん	mother (honorific)	
左	ひだり	left	
～と申します	～ともうします	my name is...	
来週	らいしゅう	next week	
大き	おおき	big; large	
四十	よんじゅう	forty	
出す	だす	to take out; to get out; to send (e.g. letter); to hand in	
田	た	rice field; rice paddy	
五日	いつか	five days; fifth of the month	
八千	はっせん	eight thousand	
七時	しちじ	seven o’clock	
大丈夫ですか	だいじょうぶですか	Are you okay?	
然し	しかし	however; but	
八時	はちじ	eight o'clock	
スカート	スカート	skirt	
さようなら	さようなら	Good-bye	
三年生	さんねんせい	third-year student	
シャワー	シャワー	shower	
じろじろ見る	じろじろみる	stare	
道の左側	みちのひだりがわ	left side of the street	
十九日	じゅうくにち	the nineteenth (day)	
六日	むいか	six days; sixth of the month	
お名前は	おなまえは	What's your name?	
お金	おかね	money	
手紙	てがみ	letter	
私たち	わたしたち, わたくしたち	we	
島	しま	island; isle	
ルームメート	ルームメート	roommate	
二週間前	にしゅうかんまえ	two weeks ago	
外国語	がいこくご	foreign language	
メール	メール	e-mail	
二十	にじゅう	twenty	
サークル	サークル	circle; circle (group of like-minded people)	
一日中	いちにちじゅう	all day long	
ありがとう	ありがとう	thank you	
馬	うま	horse	
もっと	もっと	(some) more; even more; longer; further	
七十	ななじゅう	seventy	
電車	でんしゃ	(electric) train	
クラブ	クラブ	club	
時間	じかん	time; hour(s)	
よろしくお願いします	よろしくおねがいします	I look forward to working with you; Thank you in advance; Please treat me well	
しなかった	しなかった	didn't do (plain)	
ああ	ああ	oh; that kind of...	
本当ですか	ほんとうですか	Really?	
好き	すき	liking; fondness; love	
していません	していません	not doing (polite)	
プロポーズ	プロポーズ	marriage proposal; propose	
作る	つくる	to make; to create	
上げる	あげる	to raise; to give; to do for; to elevate	
四	よん,し	four	
ディーブイディー	ディーブイディー	DVD	
十七日	じゅうしちにち	the seventeenth (day)	
こんな～	こんな～	...like this; this kind of...	
年	とし	year; age	
新聞	しんぶん	newspaper	
ゴルフ	ゴルフ	golf	
見る	みる	to see; to look; to try	
ゼロ	ゼロ	zero	
どうぞ	どうぞ	please; ok; Here it is	
六分	ろっぷん	six minutes	
分かりましたか	わかりましたか	Do you understand (it)?	
西口	にしぐち	west entrance	
広い	ひろい	wide; spacious	
コンピューター	コンピューター	computer	
二	に	two	
先生	せんせい	teacher; term of address for teacher, doctor, lawyer, writer etc.	
人々	ひとびと	each person; people; men and women; everybody	
大嫌い	だいきらい	hate	
出る	でる	exit; leave; go out	
どの	どの	which (thing)	
～キロ	～キロ	kilo (kilogram or kilometer)	
思う	おもう	to think	
ジャケット	ジャケット	jacket	
十二日	じゅうににち	the twelfth (day)	
ご馳走様でした	ごちそうさまでした	said after meals	
します	します	do (polite)	
九つ	ここのつ	nine (things)	
九千	きゅうせん	nine thousand	
クレジットカード	クレジットカード	credit card	
お酒	おさけ	sake; alcohol	
クリスマス	クリスマス	Christmas	
～くて	～くて	conjuctive form of い adjective	
一時	いちじ	one o'clock	
人	じん	suffix for nationalities	
まで	まで	to (a place); as far as (a place); till (a time)	
けど	けど	but; however; although	
九万	きゅうまん	ninety thousand	
この	この	this (thing)	
ご飯	ごはん	rice; food; meal	
北口	きたぐち	north entrance	
ではありませんでした	ではありませんでした	negative past tense of です	
南口	みなみぐち	south entrance	
貴方	あなた	you	
～と言う	～という	to say that...; called/named...	
～時	～とき	when...	
下	した	under; below	
テレビ	テレビ	television	
四千	よんせん	four thousand	
そうですね	そうですね	That's right.	
白	しろ	white	
並ぶ	ならぶ	line up; be parallel	
だから	だから	so; therefore	
今年	ことし	this year	
六百	ろっぴゃく	six hundred	
持っていく	もっていく	take (something) along	
～でございます	～でございます	polite form of です	
～本	～ほん	counter for long, thin objects (bottles, pencils, films, etc.)	
ただいま	ただいま	I'm back!; just now; presently	
二万	にまん	twenty thousand	
ホテル	ホテル	hotel	
十六	じゅうろく	sixteen	
でした	でした	past tense of です	
何処	どこ	where	
貝	かい	shell; shellfish	
食べ物	たべもの	food	
だった	だった	plain form of a copula でした	
～だろう	～だろう	probably (plain)	
している	している	doing (plain)	
そうです	そうです	That's right.	
から	から	because; from	
そうですか	そうですか	I see; Is that so; Really?	
学	がく	learning; studies; science	
ではない	ではない	slightly more formal version of じゃない	
ので	ので	that being the case; because of ...; the reason is ....; given that...	
はい	はい	yes; okay	
とか	とか	and so on; for example	
書く	かく	to write; to compose; to pen; to draw; to paint	
鳴く	なく	cry; chirp; meow	
何時	いつ	when	
十	とお	ten (things)	
しません	しません	don't do (polite)	
お兄さん	おにいさん	older brother (honorific)	
ボールペン	ボールペン	ballpoint pen	
～かもしれません	～かもしれません	may; might (polite)	
か	か	question particle; or	
五時	ごじ	five o'clock	
どうやって	どうやって	how; by what means	
五万	ごまん	fifty thousand	
また	また	again	
五つ	いつつ	five (things)	
ナイフ	ナイフ	knife	
今	いま	now	
十八	じゅうはち	eighteen	
マンション	マンション	apartment; apartment block; condominium	
此処	ここ	here	
パソコン	パソコン	personal computer	
ですから	ですから	so; therefore; that said	
バイク	バイク	motorbike; motor cycle	
大学	だいがく	university; college	
口	くち	mouth; opening	
～かもしれない	～かもしれない	may; might (plain)	
ビール	ビール	beer; lager	
六月	ろくがつ	June	
ドライブ	ドライブ	drive	
イギリス	イギリス	Britain	
レポート	レポート	report; paper	
六時	ろくじ	six o'clock	
一分	いっぷん	one minute	
金	かね	money; metal	
十一分	じゅういっぷん	eleven minutes	
まだです	まだです	not yet	
此れ	これ	this	
出口	でぐち	exit; exit ramp	
～年	～ねん	years (grade in school; duration; specific year)	
しませんでした	しませんでした	didn't do (polite)	
入る	はいる	to enter	
此方	こちら	this place/way/person here	
していませんでした	していませんでした	wasn't doing (polite)	
十一	じゅういち	eleven	
白い	しろい	white	
ではありません	ではありません	negative of です	
しています	しています	doing (polite)	
万	まん	ten thousand	
です	です	be (copula)	
していない	していない	not doing (plain)	
トイレ	トイレ	toilet	
～がる	～がる	to feel; to behave as if one were	
二か月前	にかげつまえ	two months ago	
お早うございます	おはようございます	good morning	
すみません	すみません	excuse me	
六十	ろくじゅう	sixty	
一時間	いちじかん	one hour	
～日	～にち	days (duration); specific day	
またね	またね	good-bye; see you later	
カレー	カレー	curry	
ゴールド	ゴールド	gold	
色々	いろいろ	various	
カラオケ	カラオケ	karaoke	
十四分	じゅうよんぷん	fourteen minutes	
エレベーター	エレベーター	elevator	
食べる	たべる	to eat	
今日は	こんにちは, こんちは	hello; good day (daytime greeting)	
～円	～えん	yen	
この人	このひと	this person	
十六分	じゅうろっぷん	sixteen minutes	
オレンジ色	オレンジいろ	orange (colour, color)	
サッカー	サッカー	soccer; football	
ペン	ペン	pen	
二つ	ふたつ	two (things)	
ビジネス	ビジネス	business	
ファイル	ファイル	file	
毎朝	まいあさ	every morning	
十九	じゅうきゅう,じゅうく	nineteen	
～人	～にん	counter for people	
バレンタインデー	バレンタインデー	St. Valentine's Day	
十四日	じゅうよっか	fourteen days; fourteenth of the month	
ネクタイ	ネクタイ	tie; necktie	
家	いえ, うち	house; home	
そう思います	そうおもいます	That is what I think.	
そして	そして	and; and then; thus; and now	
～分	～ふん	minutes	
タクシー	タクシー	taxi; cab	
何時	なんじ	what time?	
バス	バス	bus	
バター	バター	butter	
九	きゅう,く	nine	
やくざ	やくざ	yakuza; gangster	
コップ	コップ	cup; glass	
どれ	どれ	which? (between three or more choices)	
日	ひ	sun; sunlight; day	
どう	どう	how; in what way; how about	
ケーキ	ケーキ	cake	
私も	わたしも	So do I.	
二月	にがつ	February	
八十	はちじゅう	eighty	
こんにちは	こんにちは	Good afternoon.; Hello.	
グレー	グレー	gray; grey	
九時	くじ	nine o’clock	
前	まえ	front; before	
こんばんは	こんばんは	Good evening.; Hello.	
二時間	にじかん	two hours	
どういたしまして	どういたしまして	You are welcome.	
フォーク	フォーク	fork	
ゲーム	ゲーム	game	
来ます	きます	to come	
五月	ごがつ	May	
どうも	どうも	very; thanks; somehow	
あれ	あれ	that (distant from speaker and listener)	
また明日	またあした	See you tomorrow.	
八月	はちがつ	August	
オーストラリア	オーストラリア	Australia	
一つ	ひとつ	one (thing)	
十二月	じゅうにがつ	December	
ニュース	ニュース	news	
でしょう	でしょう	probably (polite); right?	
それから	それから	afterwards; and then	
三月	さんがつ	March	
テスト	テスト	test; exam	
十二	じゅうに	twelve	
十月	じゅうがつ	October	
グラム	グラム	gram	
もう	もう	already; anymore; other; more	
十五	じゅうご	fifteen	
十七	じゅうなな,じゅうしち	seventeen	
バーベキュー	バーベキュー	barbecue	
キログラム	キログラム	kilogram	
これ、お願いします	これ、おねがいします	Can you take care of this, please?	
アメリカ	アメリカ	America; the US	
うそでしょう	うそでしょう	Are you kidding?; Probably a lie	
よかった	よかった	What a relief; I'm glad	
ちょっと	ちょっと	just a moment; just a little; it's a bit (difficult)	
何ですか	なんですか	What is it?	
～月	～がつ	suffix for months	
五十	ごじゅう	fifty	
ギター	ギター	guitar	
ペット	ペット	pet	
など	など	et cetera, and the like, and so forth	
カレンダー	カレンダー	calendar	
ええ	ええ	yes; that is correct; well	
ラジカセ	ラジカセ	tape recorder with a radio	
十一月	じゅういちがつ	November	
何時も	いつも	always; usually; every time; never (with neg. verb)	
テープ	テープ	tape; cassette	
ありがとうございました	ありがとうございました	Thank you very much (said after something is done)	
ありがとうございます	ありがとうございます	thank you (formal)	
ポケット	ポケット	pocket	
テープレコーダー	テープレコーダー	tape recorder; cassette recorder	
キロメートル	キロメートル	kilometer	
ピンク	ピンク	pink	
デパート	デパート	department store; department	
十五分	じゅうごふん	fifteen minutes	
二十七日	にじゅうしちにち	the twenty-seventh (day)	
ページ	ページ	page	
十三	じゅうさん	thirteen	
どうして	どうして	why	
シルバー	シルバー	silver	
スプーン	スプーン	spoon	
グリーン	グリーン	green	
ピアノ	ピアノ	piano	
円	えん	circle; Yen	
コーヒー	コーヒー	coffee	
だけ	だけ	only; just; merely; simply; no more than; nothing but	
そう	そう	in such manner; that way	
日本人	にほんじん	Japanese person	
ざんねんですね	ざんねんですね	That's too bad.	
カメラ	カメラ	camera	
トマト	トマト	tomato	
御願いします	おねがいします	please	
マッチ	マッチ	match; matchbox	
ピザ	ピザ	pizza	
じゃあね	じゃあね	See you then; Bye; Ciao	
十六日	じゅうろくにち	the sixteenth (day)	
学生	がくせい	student	
おはようございます	おはようございます	Good morning.; Hello.	
文	ぶん	sentence; text	
パーティー	パーティー	party	
二十一日	にじゅういちにち	the twenty-first (day)	
いいえどういたしまして	いいえどういたしまして	You are welcome; Don't mention it	
学校	がっこう	school	
いってきます	いってきます	I'm off, see you later	
時	とき	time; when...	
山川さん	やまかわさん	Mr./Mrs Yamakawa	
おはよう	おはよう	Good morning. (informal)	
中国	ちゅうごく	China	
十八日	じゅうはちにち	the eighteenth (day)	
今日	きょう	today	
三時	さんじ	three o'clock	
コンサート	コンサート	concert	
パン	パン	bread	
四月	しがつ	April	
虫	むし	insect; worm	
コンビニ	コンビニ	convenience store	
三十日	さんじゅうにち	the thirtieth (day)	
スキー	スキー	ski; skiing	
七才	ななさい	seven years old	
九月	くがつ	September	
とても	とても	very	
ドア	ドア	door (Western style)	
サーフィン	サーフィン	surfing	
二十二日	にじゅうににち	the twenty-second (day)	
十一才	じゅういっさい	eleven years old	
ううん	ううん	uh-uh; no	
いいえ	いいえ	no	
二十八日	にじゅうはちにち	the twenty-eighth (day)	
良く	よく	well; often	
百円	ひゃくえん	100 yen	
あの	あの	that (thing) over there; um…	
さよなら	さよなら	good-bye; so long	
シーディー	シーディー	CD	
～時	～じ	o'clock	
三十一日	さんじゅういちにち	the thirty-first (day)	
二十三日	にじゅうさんにち	the twenty-third (day)	
おねがいします	おねがいします	please	
三千	さんぜん	three thousand	
今晩は	こんばんは	good evening	
七月	しちがつ	July	
アパート	アパート	apartment; flat; apartment house	
三	さん, み	three	
アイスクリーム	アイスクリーム	ice cream	
下さい	ください	please; give me...	
何も	なにも	nothing (with neg. verb)	
何	なに,なん	what; which; how many	
十五日	じゅうごにち	the fifteenth (day)	
三つ	みっつ	three (things)	
わかりません	わかりません	(I) don't understand	
花	はな	flower; blossom	
二十五日	にじゅうごにち	the twenty-fifth (day)	
ハンバーガー	ハンバーガー	hamburger	
二十六日	にじゅうろくにち	the twenty-sixth (day)	
一万	いちまん	ten thousand	
一	いち	one	
十分	じゅっぷん	ten minutes	
十時	じゅうじ	ten o'clock	
二時	にじ	two o'clock	
二才	にさい	two years old	
十二時	じゅうにじ	twelve o'clock	
雨	あめ	rain	
十	じゅう	ten	
水	みず	water	
今月	こんげつ	this month	
じゃ	じゃ	ja (hiragana)	
